"Sample","ID","id_unique","City","friendly","historical","affordable","trendy","vibrant nightlife","delicious food","easy-to-get-around","good shopping","cultural events","interesting museums","clean","green","international","too touristic","fun","noisy","romantic","safe","beautiful","english-speaker-friendly","Pref"
1,1,1,"Brussels",3,4,2,3,4,4,3,3,3,5,1,2,5,4,2,5,2,2,2,2,3
1,1,1,"Geneva",4,3,2,4,3,4,4,4,4,4,5,5,5,3,4,2,3,4,4,5,4
1,1,1,"London",4,5,2,4,5,4,5,5,4,5,3,4,5,4,4,4,3,4,4,5,6
1,1,1,"Paris",3,4,2,4,5,4,4,4,4,4,3,4,4,5,3,4,5,3,4,2,4
1,1,1,"Prague",4,4,4,3,5,3,3,2,4,3,2,3,3,5,4,4,4,3,4,3,5
1,1,1,"Stockholm",4,4,2,5,4,4,4,4,4,3,4,4,4,3,4,3,4,4,4,4,6
1,2,2,"Brussels",4,4,2,4,5,4,4,3,4,4,3,3,4,3,4,4,4,4,4,4,3
1,2,2,"Geneva",4,5,2,4,3,3,3,3,4,4,4,5,5,2,3,2,4,4,4,3,6
1,2,2,"London",3,5,1,4,5,4,4,5,5,5,3,3,5,4,5,4,5,4,5,5,4
1,2,2,"Paris",2,5,2,5,5,4,5,4,5,5,2,3,5,4,5,4,4,3,4,5,5
1,2,2,"Prague",4,5,5,5,5,4,3,3,4,4,3,3,3,3,4,3,4,4,4,4,7
1,2,2,"Stockholm",4,4,3,4,4,3,4,3,3,4,4,4,2,2,4,2,3,3,3,5,6
1,3,3,"Brussels",4,3,3,2,3,3,4,2,4,3,1,3,5,3,2,2,2,3,3,5,4
1,3,3,"Geneva",4,4,1,2,2,4,4,2,2,4,5,5,5,3,2,2,3,5,4,5,4
1,3,3,"London",4,5,3,5,5,3,5,4,5,4,3,3,5,4,4,4,3,4,4,5,7
1,3,3,"Paris",4,5,3,3,4,5,5,5,4,5,3,4,3,4,3,4,5,3,5,2,5
1,3,3,"Prague",3,5,5,4,5,2,3,3,3,4,2,3,5,4,4,4,3,1,3,4,3
1,3,3,"Stockholm",5,4,3,4,4,4,5,4,4,4,5,5,4,2,4,2,5,5,5,5,7
1,4,4,"Brussels",3,3,3,3,4,4,4,3,3,3,4,3,4,3,4,3,3,3,4,4,6
1,4,4,"Geneva",3,3,3,3,3,4,3,3,3,3,5,4,4,3,4,2,4,4,4,4,5
1,4,4,"London",2,5,2,4,5,5,4,5,5,5,3,3,5,4,5,4,4,3,4,5,7
1,4,4,"Paris",2,5,3,4,5,4,4,5,5,5,1,3,5,5,3,4,3,1,4,2,4
1,4,4,"Prague",3,5,4,3,4,4,5,4,4,3,4,3,4,4,5,2,4,4,5,3,6
1,4,4,"Stockholm",3,4,3,3,4,4,3,4,4,3,3,3,3,3,4,3,3,4,4,4,7
1,5,5,"Brussels",4,4,4,4,4,3,4,5,5,5,2,3,4,4,4,2,2,3,4,4,3
1,5,5,"Geneva",5,3,3,4,2,4,3,4,4,4,5,5,5,5,4,2,4,3,4,5,7
1,5,5,"London",2,4,2,4,4,2,4,4,4,4,4,4,4,4,3,3,2,4,4,4,3
1,5,5,"Paris",3,4,2,4,4,2,4,4,4,4,2,2,4,4,3,4,2,2,4,2,3
1,5,5,"Prague",5,4,4,4,3,4,4,3,4,5,3,3,4,5,4,2,2,2,4,4,7
1,5,5,"Stockholm",3,3,2,2,4,3,4,2,3,3,4,4,2,2,2,2,2,4,4,4,3
1,6,6,"Brussels",5,5,5,5,5,NA,4,5,5,NA,5,5,5,4,4,5,5,4,5,5,7
1,6,6,"Geneva",5,4,5,5,4,4,4,5,4,4,4,4,4,5,5,4,5,5,4,5,7
1,6,6,"London",5,5,4,4,4,5,5,5,5,5,4,4,4,5,5,4,4,5,5,4,7
1,6,6,"Paris",5,4,4,5,5,5,5,5,5,4,5,5,4,5,5,5,4,4,4,5,7
1,6,6,"Prague",4,4,5,5,4,5,4,4,5,4,4,5,5,5,4,4,4,4,5,5,7
1,6,6,"Stockholm",5,5,5,5,5,4,5,5,5,5,5,5,5,4,4,5,5,5,5,5,7
1,7,7,"Brussels",4,5,4,2,1,4,4,2,2,4,4,4,5,2,4,2,3,5,4,5,2
1,7,7,"Geneva",2,4,3,2,2,NA,NA,NA,NA,NA,4,3,3,2,3,2,4,5,5,5,3
1,7,7,"London",4,2,1,5,5,4,2,5,5,5,2,5,5,4,5,5,4,4,4,5,6
1,7,7,"Paris",4,5,1,5,3,5,4,4,3,2,3,4,4,4,4,4,5,3,5,4,7
1,7,7,"Prague",2,4,5,2,4,5,5,3,2,4,4,3,2,2,4,2,5,5,5,4,6
1,7,7,"Stockholm",4,3,1,2,2,2,4,3,2,3,4,3,3,2,4,2,2,5,4,5,4
1,8,8,"Brussels",4,5,2,4,4,4,2,4,4,3,4,3,3,4,4,4,3,1,4,4,6
1,8,8,"Geneva",3,2,NA,4,2,3,NA,NA,NA,NA,NA,NA,NA,NA,NA,NA,NA,NA,NA,NA,4
1,8,8,"London",4,4,2,4,4,2,2,4,5,5,3,4,4,4,4,4,2,1,4,5,6
1,8,8,"Paris",4,5,4,5,5,4,2,5,5,4,4,4,5,4,4,5,4,2,5,4,6
1,8,8,"Prague",5,5,5,5,5,2,5,5,5,4,4,4,5,5,5,4,2,2,5,5,5
1,8,8,"Stockholm",4,4,1,5,4,4,4,4,4,4,4,5,4,2,4,1,4,2,4,4,6
1,9,9,"Brussels",5,4,2,4,4,4,4,2,3,3,4,4,4,4,4,2,4,4,4,4,7
1,9,9,"Geneva",4,4,1,3,2,3,3,2,4,4,4,4,4,2,3,2,4,4,4,4,4
1,9,9,"London",2,4,2,4,5,3,4,3,4,3,2,4,4,4,4,4,2,2,2,1,6
1,9,9,"Paris",2,4,2,4,4,2,4,2,4,4,2,2,4,5,4,4,5,2,5,4,5
1,9,9,"Prague",4,5,5,5,4,5,5,4,4,4,4,4,4,3,5,2,5,3,5,4,6
1,9,9,"Stockholm",4,4,1,1,4,3,4,4,4,3,4,4,4,2,5,2,4,4,4,4,7
1,10,10,"Brussels",5,4,3,4,5,2,3,4,3,4,4,5,5,5,5,5,4,3,4,4,NA
1,10,10,"Geneva",1,1,NA,2,2,4,4,4,2,3,3,1,3,3,1,5,4,5,4,2,NA
1,10,10,"London",5,5,1,5,5,2,5,5,5,5,2,5,5,5,5,2,5,4,4,4,7
1,10,10,"Paris",5,4,2,5,5,5,3,5,4,4,5,4,5,2,4,4,4,5,3,5,NA
1,10,10,"Prague",3,4,2,4,2,5,4,4,5,5,4,4,4,2,2,2,4,4,4,4,3
1,10,10,"Stockholm",5,3,2,4,4,5,3,4,4,4,5,3,3,4,4,5,4,2,4,4,NA
1,11,11,"Brussels",2,2,4,1,4,2,4,5,2,1,3,3,5,1,3,2,2,3,3,5,2
1,11,11,"Geneva",1,2,2,2,2,2,2,4,4,3,5,5,2,1,3,1,4,5,5,4,2
1,11,11,"London",5,2,2,5,5,2,5,5,5,4,2,4,5,4,5,4,4,2,5,5,4
1,11,11,"Paris",2,4,2,5,5,5,4,5,4,5,2,3,2,4,5,2,5,2,5,1,4
1,11,11,"Prague",3,1,1,2,2,3,3,2,2,2,2,1,2,1,1,2,1,1,1,2,2
1,11,11,"Stockholm",5,3,1,5,5,5,5,5,2,2,5,5,4,1,5,1,5,5,5,5,4
1,12,12,"Brussels",2,4,4,2,2,1,3,3,3,4,4,4,4,1,2,4,2,1,2,4,3
1,12,12,"Geneva",4,2,1,1,1,2,2,4,4,2,5,4,2,1,2,1,3,5,4,4,1
1,12,12,"London",2,4,1,4,5,1,4,4,4,5,4,4,5,5,4,4,2,2,2,5,6
1,12,12,"Paris",2,4,2,4,4,4,4,4,4,5,2,3,4,5,2,4,4,1,4,1,4
1,12,12,"Prague",2,4,5,2,4,4,4,4,4,4,4,4,2,4,5,4,5,4,5,2,6
1,12,12,"Stockholm",4,1,1,5,3,2,4,2,4,4,5,5,4,2,4,2,4,5,4,5,3
1,13,13,"Brussels",4,4,3,4,4,3,4,3,4,4,4,4,2,2,4,2,4,4,4,5,4
1,13,13,"Geneva",3,4,1,4,3,4,4,2,4,4,5,3,2,2,4,2,3,5,4,3,5
1,13,13,"London",4,5,2,4,4,4,4,2,4,5,4,4,4,3,4,3,4,4,5,5,7
1,13,13,"Paris",5,4,4,3,4,4,4,3,4,3,4,4,4,4,4,2,5,2,4,4,5
1,13,13,"Prague",4,5,3,4,2,4,5,3,5,4,4,3,3,2,4,1,4,4,5,3,7
1,13,13,"Stockholm",4,5,4,2,2,3,5,4,3,4,4,2,3,1,3,1,3,4,3,5,3
1,14,14,"Brussels",5,5,2,3,3,4,4,4,5,5,5,5,5,4,4,3,4,5,5,5,4
1,14,14,"Geneva",4,4,3,3,3,4,4,5,5,5,5,5,5,4,4,3,4,4,5,5,5
1,14,14,"London",3,5,2,5,5,3,3,5,5,5,3,5,5,5,5,4,5,2,5,5,5
1,14,14,"Paris",3,5,3,5,5,5,4,5,5,5,3,4,5,5,5,4,5,2,5,5,6
1,14,14,"Prague",4,5,4,4,3,4,5,5,5,5,4,4,5,4,5,3,5,5,5,5,7
1,14,14,"Stockholm",5,5,2,3,3,3,4,3,5,5,5,5,5,3,4,3,5,5,5,5,5
1,15,15,"Brussels",2,3,2,2,3,3,3,4,2,3,4,2,5,2,2,3,3,3,3,5,1
1,15,15,"Geneva",3,4,1,2,2,4,3,4,2,2,4,4,4,3,2,3,2,4,4,4,1
1,15,15,"London",2,5,1,4,5,4,5,5,5,5,2,3,5,5,4,4,3,2,4,5,6
1,15,15,"Paris",2,5,3,4,3,5,4,5,5,5,3,3,4,2,4,3,5,3,5,4,5
1,15,15,"Prague",4,5,5,3,4,2,4,2,3,4,3,3,2,2,4,2,3,3,4,4,6
1,15,15,"Stockholm",4,4,4,4,3,3,3,4,4,4,4,4,4,2,4,2,3,4,3,4,4
1,16,16,"Brussels",4,4,3,3,3,4,3,3,3,3,4,4,4,4,3,3,4,1,4,5,5
1,16,16,"Geneva",4,4,2,2,1,4,4,3,5,3,5,5,5,2,2,1,5,5,5,5,7
1,16,16,"London",5,5,1,5,5,5,5,5,5,5,4,5,5,5,5,5,5,4,5,5,7
1,16,16,"Paris",2,5,1,5,3,5,5,5,5,5,2,4,5,5,5,4,5,1,5,1,7
1,16,16,"Prague",5,5,5,5,4,5,5,3,4,3,3,4,4,5,3,2,5,4,5,5,7
1,16,16,"Stockholm",5,5,2,2,2,5,3,3,3,3,5,5,5,2,3,2,3,5,5,5,7
1,17,17,"Brussels",4,5,5,4,3,3,4,4,2,3,1,4,4,3,3,4,3,4,4,3,1
1,17,17,"Geneva",3,3,3,3,3,4,3,2,3,4,4,4,2,3,2,2,5,4,3,3,3
1,17,17,"London",3,5,5,5,4,4,5,4,5,5,4,3,3,4,3,4,4,2,2,4,4
1,17,17,"Paris",2,5,4,5,5,5,3,5,4,4,1,4,5,5,5,4,4,2,5,1,5
1,17,17,"Prague",4,4,2,3,4,5,5,3,5,5,4,3,3,2,3,2,4,4,5,4,7
1,17,17,"Stockholm",4,3,3,3,3,4,4,3,3,4,3,4,5,4,3,4,3,5,4,5,1
1,18,18,"Brussels",NA,NA,NA,NA,NA,NA,NA,NA,NA,NA,NA,NA,NA,NA,NA,NA,NA,NA,NA,NA,4
1,18,18,"Geneva",NA,NA,NA,NA,NA,NA,NA,NA,NA,NA,NA,NA,NA,NA,NA,NA,NA,NA,NA,NA,4
1,18,18,"London",4,4,2,4,5,3,4,4,5,5,3,3,5,4,5,4,3,3,4,5,6
1,18,18,"Paris",2,4,1,4,4,4,3,5,3,5,4,4,4,5,4,5,5,4,5,2,5
1,18,18,"Prague",4,5,5,4,4,5,4,3,3,4,4,3,4,3,4,2,4,4,5,4,6
1,18,18,"Stockholm",4,4,2,3,3,3,3,3,3,4,5,5,4,3,3,2,3,4,4,5,5
1,19,19,"Brussels",3,3,3,3,3,3,3,3,3,3,3,3,3,3,3,3,3,3,3,5,4
1,19,19,"Geneva",3,4,1,3,3,3,3,3,3,3,4,4,4,3,3,3,3,4,4,5,3
1,19,19,"London",2,4,1,3,3,2,3,3,3,5,3,3,4,4,3,3,2,3,3,5,3
1,19,19,"Paris",4,5,3,5,5,4,4,5,5,NA,3,3,5,5,5,4,5,2,5,2,1
1,19,19,"Prague",3,5,4,5,4,2,3,4,4,4,3,3,4,5,4,3,5,3,5,2,1
1,19,19,"Stockholm",4,5,1,3,3,3,4,3,3,4,4,3,4,2,3,3,3,3,5,5,4
1,20,20,"Brussels",4,5,2,3,3,4,3,4,4,4,5,3,5,2,4,2,4,5,5,5,3
1,20,20,"Geneva",3,3,1,4,4,3,3,4,4,4,3,3,4,3,4,3,5,5,5,5,4
1,20,20,"London",4,5,1,5,5,5,5,5,5,5,2,5,5,5,5,5,5,3,5,5,7
1,20,20,"Paris",2,5,1,5,5,5,5,5,5,5,1,4,5,5,5,5,5,2,5,2,5
1,20,20,"Prague",4,5,5,3,3,5,3,3,5,5,2,4,3,3,4,2,5,5,5,3,5
1,20,20,"Stockholm",5,5,1,4,4,3,3,3,4,4,5,5,4,3,4,2,3,5,5,5,7
1,21,21,"Brussels",2,2,2,2,2,2,2,2,2,2,2,2,2,2,2,2,2,2,2,2,1
1,21,21,"Geneva",3,3,1,2,2,3,3,3,3,3,5,4,4,3,3,2,4,5,4,4,3
1,21,21,"London",4,5,1,5,5,2,3,5,5,5,2,3,5,4,5,4,4,3,5,5,6
1,21,21,"Paris",1,5,1,4,4,4,3,4,5,5,2,3,5,5,5,4,5,3,5,4,3
1,21,21,"Prague",5,5,5,3,3,4,5,4,5,4,2,4,4,5,5,4,5,4,5,3,7
1,21,21,"Stockholm",5,4,2,3,4,3,4,3,3,3,5,4,4,3,4,2,4,4,5,5,5
1,22,22,"Brussels",3,3,2,3,4,4,3,2,4,3,2,3,4,2,3,4,2,2,3,4,3
1,22,22,"Geneva",3,2,1,2,2,3,4,2,3,3,5,4,5,2,2,2,2,5,2,4,2
1,22,22,"London",3,5,2,4,5,4,2,4,5,5,3,4,4,4,4,4,4,3,3,5,5
1,22,22,"Paris",3,5,3,4,5,3,2,3,5,5,1,4,2,4,4,4,4,3,4,3,5
1,22,22,"Prague",3,5,4,4,3,4,4,3,3,3,3,3,2,4,4,3,4,4,5,3,6
1,22,22,"Stockholm",5,3,2,4,2,4,4,2,3,4,5,4,4,2,4,2,2,4,2,5,3
1,23,23,"Brussels",NA,NA,NA,NA,NA,NA,NA,NA,NA,NA,NA,NA,NA,NA,NA,NA,NA,NA,NA,NA,2
1,23,23,"Geneva",3,3,3,3,3,3,3,3,3,3,3,3,3,3,3,3,3,3,3,3,2
1,23,23,"London",NA,NA,NA,NA,NA,NA,NA,NA,NA,NA,NA,NA,NA,NA,NA,NA,NA,NA,NA,NA,7
1,23,23,"Paris",4,4,4,4,4,4,3,3,3,4,1,2,4,5,4,4,4,1,4,3,3
1,23,23,"Prague",4,5,4,3,3,3,5,2,4,4,3,3,4,5,4,4,5,3,5,5,6
1,23,23,"Stockholm",3,3,2,3,3,3,3,3,3,4,4,4,3,3,4,3,3,4,3,4,3
1,24,24,"Brussels",3,5,3,4,4,2,4,4,4,4,1,2,3,4,3,3,2,2,3,3,2
1,24,24,"Geneva",2,4,2,3,3,2,4,3,3,3,4,4,4,3,3,2,4,4,4,4,5
1,24,24,"London",3,5,2,5,5,2,4,5,5,5,4,4,5,5,5,4,4,4,4,5,7
1,24,24,"Paris",3,5,2,5,5,3,4,5,5,5,2,4,4,4,4,4,5,2,5,3,6
1,24,24,"Prague",5,5,5,3,3,5,5,3,4,4,3,4,3,5,4,3,4,4,4,3,7
1,24,24,"Stockholm",4,4,2,4,3,3,4,3,4,5,4,4,4,4,5,3,4,4,5,5,6
1,25,25,"Brussels",4,4,4,4,4,5,4,4,4,4,2,4,4,3,4,2,2,3,4,4,3
1,25,25,"Geneva",4,2,1,2,3,3,3,3,3,3,3,3,3,3,3,3,3,3,3,3,6
1,25,25,"London",3,5,1,5,5,3,2,4,4,4,4,4,4,4,4,4,3,4,4,5,7
1,25,25,"Paris",2,5,3,4,5,3,3,4,5,5,1,2,5,5,4,5,5,2,4,4,3
1,25,25,"Prague",5,5,5,4,4,5,5,3,4,3,5,4,4,2,4,2,4,4,5,5,5
1,25,25,"Stockholm",5,4,2,4,3,2,2,2,4,5,5,5,5,2,4,2,4,5,5,5,4
1,26,26,"Brussels",1,4,1,1,1,4,2,2,3,3,3,3,5,2,1,3,1,1,3,4,2
1,26,26,"Geneva",3,4,1,1,1,3,3,3,3,3,3,3,3,3,3,3,3,3,3,3,2
1,26,26,"London",3,5,1,5,5,3,4,5,5,5,4,2,5,2,5,4,3,4,4,5,6
1,26,26,"Paris",2,5,1,4,4,4,3,4,5,5,2,4,4,4,3,4,4,2,5,1,4
1,26,26,"Prague",4,5,5,4,5,5,4,2,4,4,4,2,4,3,4,2,3,4,5,5,6
1,26,26,"Stockholm",4,5,2,5,4,4,5,4,4,4,4,3,5,2,4,1,4,5,5,5,5
1,27,27,"Brussels",1,1,1,1,1,1,1,1,1,1,1,2,3,3,3,3,3,3,2,4,3
1,27,27,"Geneva",4,4,3,4,2,4,4,3,2,4,4,3,2,3,3,3,3,3,3,3,4
1,27,27,"London",4,4,4,4,4,3,3,3,3,3,3,3,3,2,2,2,4,3,3,3,7
1,27,27,"Paris",4,4,4,4,4,4,4,4,4,4,3,3,4,3,4,4,3,3,3,3,5
1,27,27,"Prague",4,5,5,5,4,4,4,3,4,4,3,3,3,3,3,3,3,4,4,5,7
1,27,27,"Stockholm",4,4,1,3,3,4,4,4,4,4,4,3,4,4,3,3,3,4,4,4,6
1,28,28,"Brussels",3,4,3,2,3,2,4,3,2,4,2,3,4,4,4,3,3,2,4,3,3
1,28,28,"Geneva",3,4,2,3,2,2,3,2,2,3,3,2,3,4,1,5,2,2,3,3,2
1,28,28,"London",5,5,5,5,4,5,5,5,5,5,4,4,5,4,5,5,4,3,5,4,4
1,28,28,"Paris",3,5,5,5,4,5,2,5,5,4,4,4,4,3,4,4,5,2,5,3,6
1,28,28,"Prague",4,3,5,4,3,5,4,4,3,3,3,2,3,2,4,4,4,3,5,3,5
1,28,28,"Stockholm",4,3,3,3,3,4,2,3,4,2,2,2,3,4,5,3,2,3,4,3,5
1,29,29,"Brussels",4,4,4,2,2,4,4,2,4,4,4,4,4,2,4,2,4,4,4,4,2
1,29,29,"Geneva",4,2,1,2,2,2,5,1,2,3,5,5,5,2,2,2,5,5,5,5,2
1,29,29,"London",4,2,2,5,5,2,3,5,5,5,4,5,4,4,4,4,4,3,4,5,7
1,29,29,"Paris",2,4,3,5,4,4,2,4,4,4,1,3,4,5,3,5,4,2,4,1,4
1,29,29,"Prague",5,4,5,5,5,5,5,2,4,4,4,4,4,4,5,2,5,4,5,4,7
1,29,29,"Stockholm",4,1,1,3,3,1,5,1,2,2,5,5,2,2,4,2,2,5,5,5,5
1,30,30,"Brussels",4,4,4,5,2,4,4,4,3,4,4,3,4,2,5,3,2,4,4,4,5
1,30,30,"Geneva",3,5,2,2,2,3,3,4,2,3,4,4,5,2,2,3,2,4,2,4,2
1,30,30,"London",4,5,1,5,4,4,3,4,4,4,3,4,5,4,4,4,3,3,5,5,6
1,30,30,"Paris",4,5,2,5,4,5,4,4,5,5,2,3,3,4,4,4,5,3,5,2,6
1,30,30,"Prague",4,4,5,3,3,3,5,3,3,4,4,3,2,3,4,2,4,3,4,3,5
1,30,30,"Stockholm",4,3,1,4,3,4,4,3,4,4,4,5,3,2,4,3,4,5,4,5,7
1,31,31,"Brussels",5,5,3,4,3,4,5,2,4,5,5,5,4,3,4,3,4,5,5,5,6
1,31,31,"Geneva",5,5,2,3,3,5,5,1,4,4,5,5,4,3,4,3,4,5,5,5,4
1,31,31,"London",5,5,2,5,5,4,5,4,5,5,5,5,5,4,5,4,3,5,5,5,7
1,31,31,"Paris",4,5,3,4,3,5,5,3,5,5,4,5,5,4,5,4,5,3,5,3,5
1,31,31,"Prague",5,5,4,5,5,3,5,3,5,5,3,3,5,4,5,4,4,4,5,4,7
1,31,31,"Stockholm",5,4,3,2,2,4,5,2,4,4,5,4,3,3,2,2,2,5,4,4,3
1,32,32,"Brussels",4,2,4,4,4,4,4,2,5,5,4,4,4,2,4,2,3,4,4,4,4
1,32,32,"Geneva",4,4,2,3,3,4,2,2,4,4,4,4,4,2,5,2,4,4,4,4,6
1,32,32,"London",4,5,4,5,4,2,4,4,5,5,5,5,5,3,4,4,4,4,4,5,7
1,32,32,"Paris",3,3,2,5,5,4,4,5,5,5,4,4,5,5,4,4,5,1,4,3,6
1,32,32,"Prague",3,4,5,2,3,4,4,2,4,4,4,4,3,2,4,2,4,4,4,4,4
1,32,32,"Stockholm",4,5,2,4,4,4,2,2,3,5,5,3,5,2,4,2,4,4,4,4,7
1,33,33,"Brussels",4,4,3,2,3,3,3,3,4,3,4,4,5,3,3,3,2,2,4,4,5
1,33,33,"Geneva",4,4,1,2,3,4,4,1,4,3,4,4,4,2,4,2,4,4,4,4,3
1,33,33,"London",4,5,2,4,4,4,5,4,4,4,2,2,4,2,4,4,4,3,4,5,6
1,33,33,"Paris",4,5,2,4,4,4,4,4,5,5,2,3,4,4,4,4,5,2,5,2,6
1,33,33,"Prague",4,4,4,4,4,4,4,3,3,3,4,2,4,4,4,3,4,4,4,4,5
1,33,33,"Stockholm",4,4,1,4,4,4,4,1,3,3,4,4,4,4,4,2,4,4,5,5,6
1,34,34,"Prague",5,5,5,4,4,4,4,3,5,4,5,4,4,5,5,NA,5,5,5,4,7
1,35,35,"Brussels",4,4,4,4,3,4,5,4,5,4,4,3,4,4,4,2,4,2,4,4,6
1,35,35,"Geneva",3,3,3,3,3,3,3,3,3,3,3,3,3,3,3,3,3,3,3,3,4
1,35,35,"London",3,3,3,3,3,3,3,3,3,3,3,3,3,3,3,3,3,3,3,3,4
1,35,35,"Paris",2,4,4,4,4,5,5,5,5,5,2,4,4,5,4,4,4,2,4,4,6
1,35,35,"Prague",5,5,5,5,5,5,5,5,5,5,5,5,5,5,5,5,5,5,5,5,7
1,35,35,"Stockholm",3,3,3,3,3,3,3,3,3,3,3,3,3,3,3,3,3,3,3,3,4
1,36,36,"Brussels",2,2,2,2,1,5,5,2,3,5,1,1,5,4,2,4,2,2,2,4,1
1,36,36,"Geneva",4,5,3,3,3,5,3,4,3,2,3,3,3,2,4,4,5,3,5,4,6
1,36,36,"London",4,5,3,4,4,5,5,5,5,5,4,5,5,3,4,4,2,4,4,5,5
1,36,36,"Paris",3,4,2,5,4,2,4,5,4,4,3,3,5,4,4,4,4,2,3,2,3
1,36,36,"Prague",4,4,4,3,3,5,5,3,3,4,4,4,2,2,4,2,4,4,4,4,5
1,36,36,"Stockholm",5,3,2,2,3,4,4,3,4,2,5,5,5,2,3,2,3,5,5,5,4
1,37,37,"Brussels",5,5,4,5,3,4,5,4,5,4,5,5,4,5,4,5,4,4,5,4,6
1,37,37,"Geneva",4,4,3,5,3,4,3,4,4,4,5,3,4,4,3,4,4,5,4,5,5
1,37,37,"London",5,5,4,5,4,4,3,4,5,5,5,4,5,5,4,5,5,4,5,5,3
1,37,37,"Paris",5,5,4,5,5,5,4,5,5,5,4,5,5,5,5,5,5,3,5,5,2
1,37,37,"Prague",5,5,5,4,4,5,5,4,5,5,4,4,4,4,5,4,5,5,5,4,1
1,37,37,"Stockholm",5,5,5,4,3,4,4,3,5,5,5,5,4,4,4,4,5,5,5,4,4
1,38,38,"Brussels",4,4,3,4,3,3,3,3,3,3,4,4,2,2,3,1,5,4,4,4,7
1,38,38,"Geneva",5,5,3,4,4,3,3,3,3,3,3,3,3,3,3,3,3,3,3,3,5
1,38,38,"London",4,5,3,3,4,4,4,5,5,5,3,3,4,5,4,1,4,5,4,3,7
1,38,38,"Paris",4,5,3,4,5,5,4,5,5,5,3,4,4,4,4,4,5,2,5,2,5
1,38,38,"Prague",4,4,3,4,2,4,3,4,3,4,4,2,3,2,4,2,5,5,5,3,7
1,38,38,"Stockholm",5,5,3,4,3,3,3,4,4,4,5,4,3,3,4,2,3,4,4,4,7
1,39,39,"Brussels",3,3,2,4,3,3,4,3,4,2,2,3,5,2,4,3,2,2,3,5,6
1,39,39,"Geneva",4,5,3,4,3,5,4,3,5,5,4,3,2,2,4,2,5,5,5,5,6
1,39,39,"London",4,4,1,4,4,2,4,3,4,4,1,4,5,3,5,4,3,2,4,5,7
1,39,39,"Paris",4,5,2,4,3,4,4,4,4,5,2,4,5,5,5,4,4,2,4,4,7
1,39,39,"Prague",5,5,5,5,4,3,3,3,4,4,3,3,3,2,4,2,4,4,5,5,6
1,39,39,"Stockholm",4,2,2,3,3,3,4,3,5,4,5,4,5,2,4,3,2,4,3,5,7
1,40,40,"Brussels",4,2,2,2,2,2,4,1,2,3,4,4,4,2,NA,4,3,1,3,5,2
1,40,40,"Geneva",4,2,1,2,2,2,3,3,3,3,5,5,3,3,4,2,4,4,4,4,5
1,40,40,"London",3,5,1,5,5,2,1,5,5,5,3,3,5,5,5,5,5,2,5,5,7
1,40,40,"Paris",2,5,3,5,5,4,2,5,5,5,2,3,5,5,5,5,5,1,5,1,3
1,40,40,"Prague",4,4,5,2,3,2,5,1,2,2,5,5,2,2,5,2,5,5,5,2,7
1,40,40,"Stockholm",4,2,2,2,2,2,2,2,2,2,5,5,2,2,3,2,2,4,4,4,3
2,1,41,"Amsterdam",3,4,4,4,5,2,3,4,4,4,2,3,3,2,4,4,2,3,4,4,4
2,1,41,"Athens",3,5,4,2,2,4,2,2,4,4,2,3,2,3,4,4,4,3,4,2,3
2,1,41,"Geneva",3,3,1,3,2,2,3,1,4,4,4,4,2,2,3,3,4,4,4,4,2
2,1,41,"London",3,5,1,4,4,2,4,2,5,4,5,5,4,3,4,4,3,4,5,5,6
2,1,41,"Riga",2,3,4,3,3,2,2,2,3,3,2,2,2,2,3,4,2,2,3,3,6
2,1,41,"Stockholm",5,3,2,4,3,3,4,3,4,4,5,5,3,2,5,2,4,4,5,5,7
2,2,42,"Amsterdam",4,5,4,4,4,2,4,4,3,5,4,4,4,5,4,4,2,3,5,5,4
2,2,42,"Athens",3,3,3,3,3,3,3,3,3,3,3,3,NA,3,3,3,3,3,3,3,3
2,2,42,"Geneva",3,3,3,3,3,3,3,3,3,3,3,3,3,3,3,3,3,3,3,3,5
2,2,42,"London",3,3,3,3,3,3,3,3,3,3,3,3,3,3,3,3,3,3,3,3,5
2,2,42,"Riga",3,3,3,3,3,3,3,3,3,3,3,3,3,3,3,3,3,3,3,3,5
2,2,42,"Stockholm",3,3,3,3,3,4,5,2,3,4,4,3,3,3,3,3,3,3,3,5,6
2,3,43,"Amsterdam",4,5,4,4,4,3,4,3,4,5,4,4,4,3,5,2,4,4,5,4,1
2,3,43,"Athens",4,5,5,3,3,5,5,4,5,5,2,4,2,4,4,4,5,2,4,2,1
2,3,43,"Geneva",3,4,1,2,2,2,3,2,3,3,5,4,2,2,2,2,4,4,4,4,4
2,3,43,"London",3,5,3,5,5,3,3,3,5,5,3,4,5,3,5,3,3,1,4,5,1
2,3,43,"Riga",5,5,5,2,2,5,5,5,3,3,4,4,2,2,4,2,4,5,4,4,1
2,3,43,"Stockholm",5,3,1,2,2,3,4,3,4,3,4,4,4,2,4,2,3,5,4,5,5
2,4,44,"Amsterdam",4,4,3,4,5,3,4,4,4,4,3,3,5,4,5,4,4,3,4,5,3
2,4,44,"Athens",4,5,3,2,4,4,4,4,4,4,2,3,3,4,3,4,4,3,4,2,2
2,4,44,"Geneva",3,4,2,1,3,4,3,5,5,5,5,5,4,2,3,3,3,4,4,3,1
2,4,44,"London",2,5,3,5,5,3,4,5,5,5,2,4,4,3,5,4,2,3,4,5,1
2,4,44,"Riga",4,4,4,4,4,3,3,3,4,3,3,3,3,2,3,3,3,3,3,3,1
2,4,44,"Stockholm",5,5,2,3,4,4,4,4,4,4,4,4,4,2,4,3,3,4,4,4,3
2,5,45,"Amsterdam",4,4,3,4,3,3,5,4,3,4,4,4,3,3,3,2,2,5,5,5,4
2,5,45,"Athens",2,5,4,1,2,3,3,3,3,4,3,3,2,3,3,3,2,4,4,2,2
2,5,45,"Geneva",2,3,1,1,2,2,5,2,3,3,4,4,5,2,3,2,2,4,4,4,5
2,5,45,"London",4,5,1,4,4,5,4,4,5,5,4,4,NA,4,3,4,4,4,5,5,7
2,5,45,"Riga",3,4,5,3,3,2,4,3,3,3,3,3,3,2,3,3,3,4,4,2,7
2,5,45,"Stockholm",5,3,1,4,3,5,5,4,3,4,5,3,4,3,3,2,4,5,5,5,4
2,6,46,"Amsterdam",5,5,4,5,5,3,3,3,4,5,3,2,5,4,5,5,3,3,5,5,7
2,6,46,"Athens",3,3,3,3,3,3,3,3,3,3,3,3,3,3,3,3,3,3,3,3,7
2,6,46,"Geneva",3,3,3,3,3,3,3,3,3,3,3,3,3,3,3,3,4,3,3,3,7
2,6,46,"London",5,5,1,5,5,2,4,5,5,5,4,4,4,4,4,4,4,2,4,4,7
2,6,46,"Riga",3,3,3,3,3,3,3,3,3,3,3,3,3,3,3,3,3,3,3,3,7
2,6,46,"Stockholm",5,4,3,4,4,3,3,3,4,4,4,4,4,2,4,2,3,4,4,4,7
2,7,47,"Amsterdam",4,5,4,4,5,4,4,3,4,5,4,4,3,3,5,3,4,4,5,4,4
2,7,47,"Athens",4,5,4,2,2,4,3,2,4,5,2,3,3,4,3,4,3,2,3,2,2
2,7,47,"Geneva",3,4,2,1,2,3,4,4,4,3,4,2,1,1,2,2,3,4,3,4,3
2,7,47,"London",4,5,1,4,5,4,4,5,4,4,3,4,4,4,4,5,3,2,4,5,3
2,7,47,"Riga",4,4,3,2,2,3,4,2,4,3,4,3,2,2,4,3,2,4,3,4,5
2,7,47,"Stockholm",4,3,1,2,2,2,4,3,3,2,4,2,2,2,2,2,4,4,3,4,7
2,8,48,"Amsterdam",5,4,4,5,5,4,5,3,5,5,5,5,5,4,5,2,5,4,5,5,1
2,8,48,"Athens",3,5,4,4,3,3,4,3,4,3,2,2,4,2,4,4,2,3,3,4,3
2,8,48,"Geneva",3,4,4,3,3,4,3,3,3,3,2,4,3,2,3,3,4,4,3,3,3
2,8,48,"London",2,4,2,5,4,2,4,4,5,5,3,4,5,5,4,4,3,3,2,5,6
2,8,48,"Riga",4,3,3,4,4,3,3,4,4,4,5,5,4,2,3,3,3,4,4,5,3
2,8,48,"Stockholm",4,3,2,5,4,3,4,4,5,4,5,5,5,3,4,2,3,5,5,5,4
2,10,49,"Amsterdam",4,4,4,5,5,2,4,2,4,2,4,2,5,5,5,4,2,2,4,5,4
2,10,49,"Athens",4,5,5,2,2,4,4,2,5,5,4,4,2,5,2,2,5,2,5,2,5
2,10,49,"Geneva",2,4,1,1,2,2,4,1,4,4,5,4,5,2,2,2,2,5,5,5,7
2,10,49,"London",4,5,2,2,4,2,4,2,4,5,4,2,5,5,4,5,2,2,4,5,6
2,10,49,"Riga",2,4,5,4,5,2,4,4,4,2,5,5,2,2,2,2,4,4,4,4,6
2,10,49,"Stockholm",5,3,2,2,3,4,4,2,4,4,5,5,4,2,3,1,4,5,5,5,6
2,11,50,"Amsterdam",3,4,5,5,5,4,3,3,4,4,2,3,4,5,4,4,2,4,5,5,3
2,11,50,"Athens",4,4,4,4,3,4,4,4,5,5,2,2,4,3,4,3,3,4,4,3,3
2,11,50,"Geneva",4,5,1,3,3,5,5,5,5,3,5,4,4,3,2,2,4,5,5,3,7
2,11,50,"London",3,4,2,5,5,5,4,5,5,5,4,3,5,4,5,4,2,4,4,5,6
2,11,50,"Riga",4,4,5,5,3,3,4,3,5,5,4,4,5,3,3,3,3,4,4,4,4
2,11,50,"Stockholm",4,4,2,4,4,3,4,5,5,4,5,3,4,2,4,2,3,4,4,3,7
2,12,51,"Amsterdam",4,5,4,4,5,4,5,3,4,4,3,3,4,2,5,2,3,4,4,5,1
2,12,51,"Athens",4,5,4,3,3,4,3,4,5,5,4,3,4,3,3,4,5,4,5,3,2
2,12,51,"Geneva",4,3,4,3,2,3,3,3,2,3,4,3,3,4,3,3,4,4,5,4,3
2,12,51,"London",2,2,3,3,4,2,4,3,3,3,2,2,4,4,3,4,2,2,2,5,1
2,12,51,"Riga",3,3,3,3,3,3,3,3,3,3,3,3,3,3,3,3,3,3,3,3,3
2,12,51,"Stockholm",3,3,3,3,3,3,3,3,3,3,3,3,3,3,3,3,3,3,3,3,1
2,13,52,"Amsterdam",4,5,2,5,5,4,4,3,4,3,4,4,5,4,5,4,2,3,5,5,2
2,13,52,"Athens",4,4,4,3,4,5,4,4,4,5,1,4,5,2,5,4,4,1,4,2,2
2,13,52,"Geneva",2,4,1,4,3,3,4,4,4,3,4,4,2,2,2,2,2,5,4,5,5
2,13,52,"London",4,5,1,5,5,2,2,5,5,5,3,4,5,5,4,5,3,4,5,5,6
2,13,52,"Riga",3,4,5,4,4,3,4,3,3,3,4,4,4,1,4,3,2,4,4,3,7
2,13,52,"Stockholm",4,5,2,4,3,4,5,4,3,4,5,5,3,2,4,2,4,5,5,5,4
2,14,53,"Amsterdam",4,4,2,5,5,3,5,3,3,4,3,4,4,3,4,3,3,3,3,4,3
2,14,53,"Athens",4,5,5,2,3,4,3,3,4,4,2,3,3,3,4,2,3,3,4,3,3
2,14,53,"Geneva",3,3,2,3,3,3,4,3,3,3,4,3,3,3,3,2,3,4,4,3,5
2,14,53,"London",2,4,1,4,4,4,5,5,5,5,2,4,5,4,4,4,3,3,3,5,6
2,14,53,"Riga",3,3,4,3,3,3,3,3,3,3,3,4,3,3,3,3,3,3,3,3,5
2,14,53,"Stockholm",3,4,1,4,3,3,4,3,3,3,5,5,3,3,4,1,3,5,4,4,6
2,15,54,"Amsterdam",4,5,3,4,4,4,4,5,3,5,4,3,5,5,4,4,4,2,4,5,2
2,15,54,"Athens",4,4,4,2,2,3,3,1,3,4,3,2,3,2,4,4,3,2,3,3,3
2,15,54,"Geneva",3,3,1,2,3,4,3,2,3,2,5,4,5,3,2,2,4,5,4,4,4
2,15,54,"London",3,5,2,4,4,3,4,4,5,5,4,4,5,5,4,3,4,3,4,5,6
2,15,54,"Riga",3,4,4,3,2,4,4,3,3,4,4,3,3,3,3,2,4,4,4,3,6
2,15,54,"Stockholm",5,3,1,5,3,3,4,5,4,3,5,4,4,3,4,2,3,5,4,5,4
2,16,55,"Amsterdam",5,5,5,5,5,4,5,3,4,4,5,4,5,4,4,2,5,5,5,5,6
2,16,55,"Athens",4,5,5,5,4,5,3,2,5,5,2,4,4,3,4,3,5,4,5,3,6
2,16,55,"Geneva",4,4,2,2,3,4,3,2,4,4,4,3,4,2,3,2,4,4,4,5,3
2,16,55,"London",3,4,1,5,5,4,4,4,4,5,2,3,5,4,4,5,4,2,4,5,7
2,16,55,"Riga",4,5,5,2,3,3,4,2,3,3,4,3,5,2,4,2,4,4,4,5,5
2,16,55,"Stockholm",4,4,2,5,5,4,3,2,4,4,5,5,5,2,4,2,4,4,4,5,4
2,17,56,"Amsterdam",2,5,4,4,2,1,2,2,3,5,2,4,5,5,2,4,4,2,4,4,1
2,17,56,"Athens",4,5,5,2,2,5,2,4,4,5,2,4,4,5,4,5,4,4,4,4,2
2,17,56,"Geneva",3,4,1,1,1,2,3,1,4,1,5,4,2,2,2,1,1,5,3,4,5
2,17,56,"London",2,5,2,5,5,2,4,3,4,5,4,4,4,2,4,4,2,4,4,5,4
2,17,56,"Riga",2,4,4,2,2,4,4,2,4,2,4,4,2,4,4,2,4,4,4,4,6
2,17,56,"Stockholm",4,2,2,2,2,2,5,2,4,2,5,5,5,2,2,2,2,5,4,5,6
2,18,57,"Amsterdam",2,2,2,2,1,3,2,2,3,1,3,3,2,2,1,2,2,3,2,3,3
2,18,57,"Athens",NA,NA,NA,NA,NA,NA,NA,NA,NA,NA,NA,NA,NA,NA,NA,NA,NA,NA,NA,NA,5
2,18,57,"Geneva",NA,NA,NA,NA,NA,NA,NA,NA,NA,NA,NA,NA,NA,NA,NA,NA,NA,NA,NA,NA,4
2,18,57,"London",NA,NA,NA,NA,NA,NA,NA,NA,NA,NA,NA,NA,NA,NA,NA,NA,NA,NA,NA,NA,1
2,18,57,"Riga",NA,NA,NA,NA,NA,NA,NA,NA,NA,NA,NA,NA,NA,NA,NA,NA,NA,NA,NA,NA,2
2,18,57,"Stockholm",NA,NA,NA,NA,NA,NA,NA,NA,NA,NA,NA,NA,NA,NA,NA,NA,NA,NA,NA,NA,4
2,19,58,"Amsterdam",4,4,4,5,5,4,4,4,4,3,3,4,4,4,5,3,4,4,4,5,6
2,19,58,"Athens",2,5,4,2,2,4,3,3,4,5,2,3,4,4,3,3,4,3,4,3,2
2,19,58,"Geneva",5,2,2,3,2,4,5,2,4,3,5,5,4,2,4,2,4,5,5,4,5
2,19,58,"London",3,4,3,5,4,4,4,5,4,2,3,4,5,5,5,4,3,3,5,5,6
2,19,58,"Riga",4,4,4,2,2,3,4,3,3,3,4,4,2,2,4,2,4,5,4,3,7
2,19,58,"Stockholm",4,3,2,4,3,4,4,4,3,3,5,4,4,2,4,3,3,4,4,4,4
2,20,59,"Amsterdam",NA,NA,NA,NA,NA,NA,NA,NA,NA,NA,NA,NA,NA,NA,NA,NA,NA,NA,NA,NA,4
2,20,59,"Athens",NA,NA,NA,NA,NA,NA,NA,NA,NA,NA,NA,NA,NA,NA,NA,NA,NA,NA,NA,NA,4
2,20,59,"Geneva",NA,NA,NA,NA,NA,NA,NA,NA,NA,NA,NA,NA,NA,NA,NA,NA,NA,NA,NA,NA,4
2,20,59,"London",NA,NA,NA,NA,NA,NA,NA,NA,NA,NA,NA,NA,NA,NA,NA,NA,NA,NA,NA,NA,1
2,20,59,"Riga",NA,NA,NA,NA,NA,NA,NA,NA,NA,NA,NA,NA,NA,NA,NA,NA,NA,NA,NA,NA,4
2,20,59,"Stockholm",3,3,3,3,3,4,4,5,2,2,5,4,4,4,3,2,2,4,3,5,3
2,21,60,"Amsterdam",4,4,3,3,5,4,3,4,4,4,2,2,4,4,4,4,3,2,4,3,5
2,21,60,"Athens",4,4,4,4,4,3,3,3,4,4,3,4,3,3,4,3,4,3,4,4,4
2,21,60,"Geneva",4,4,4,3,4,3,4,4,5,4,3,4,4,3,4,3,4,4,4,3,6
2,21,60,"London",4,4,4,4,4,2,4,4,4,4,4,4,4,3,4,2,4,4,4,4,4
2,21,60,"Riga",3,3,3,3,3,3,3,3,3,3,3,3,3,3,3,3,3,3,3,3,4
2,21,60,"Stockholm",3,4,4,3,3,3,4,4,4,3,3,4,3,3,3,3,3,3,4,4,2
2,22,61,"Amsterdam",4,4,4,4,5,4,3,3,3,3,4,4,4,4,5,2,4,2,5,5,2
2,22,61,"Athens",4,5,4,2,3,4,3,4,4,3,2,3,4,4,3,3,4,2,4,4,3
2,22,61,"Geneva",4,2,1,3,3,4,3,4,4,3,4,5,4,3,4,2,4,4,5,2,6
2,22,61,"London",4,5,2,4,4,4,5,4,5,3,2,4,4,3,4,4,4,4,4,5,6
2,22,61,"Riga",3,2,4,2,3,3,3,3,3,3,3,3,4,2,4,4,3,2,4,3,6
2,22,61,"Stockholm",4,2,2,4,4,4,3,2,4,3,4,4,4,2,4,2,3,4,4,5,3
2,23,62,"Amsterdam",3,2,3,3,4,3,4,4,3,3,3,3,3,3,3,4,3,2,3,4,4
2,23,62,"Athens",4,5,4,3,3,4,3,4,4,4,4,3,4,4,3,4,3,3,4,3,2
2,23,62,"Geneva",4,2,3,2,2,2,3,3,3,3,4,3,3,3,3,3,3,3,4,3,3
2,23,62,"London",4,4,4,4,3,3,4,4,4,4,4,4,4,4,4,4,4,3,4,5,7
2,23,62,"Riga",3,3,3,3,3,3,3,3,3,3,3,3,3,3,3,3,3,3,3,3,7
2,23,62,"Stockholm",5,3,4,5,4,3,4,4,4,4,5,4,5,3,5,3,4,4,5,5,3
2,24,63,"Amsterdam",4,4,2,4,4,3,4,4,5,5,4,4,5,3,4,3,3,3,4,5,2
2,24,63,"Athens",4,5,4,3,3,4,3,3,4,4,3,3,3,3,4,3,4,3,4,3,3
2,24,63,"Geneva",3,4,3,3,3,3,4,3,4,4,4,4,4,3,3,3,3,4,4,4,4
2,24,63,"London",4,4,2,5,5,3,4,5,5,5,3,4,5,4,4,4,3,3,3,5,4
2,24,63,"Riga",4,4,4,3,3,3,4,3,4,3,4,4,3,2,3,3,4,3,4,3,5
2,24,63,"Stockholm",3,3,3,4,4,3,4,4,4,4,5,4,4,2,4,3,3,4,4,5,4
2,25,64,"Amsterdam",3,4,4,4,5,4,4,4,4,4,2,3,3,4,5,2,4,3,4,5,4
2,25,64,"Athens",2,5,3,2,3,4,3,2,4,4,2,2,3,4,3,3,3,2,3,3,5
2,25,64,"Geneva",4,3,4,3,4,4,4,3,4,4,4,4,4,2,4,4,3,4,4,3,6
2,25,64,"London",4,5,4,5,3,2,5,5,5,5,3,4,4,4,5,3,3,3,5,5,7
2,25,64,"Riga",3,4,3,3,3,3,3,3,3,3,3,3,3,3,3,3,3,3,3,3,7
2,25,64,"Stockholm",4,4,4,3,3,3,4,2,4,4,4,3,4,4,4,3,3,5,5,5,7
2,26,65,"Amsterdam",4,3,3,5,5,4,4,3,4,4,4,4,5,5,5,4,3,4,4,5,4
2,26,65,"Athens",3,5,5,3,5,5,5,3,4,5,2,3,3,4,3,4,3,2,4,3,5
2,26,65,"Geneva",5,3,3,3,3,5,3,4,3,3,4,5,4,4,3,2,4,4,4,5,6
2,26,65,"London",4,5,3,5,5,3,5,4,5,5,2,4,5,5,5,5,3,2,3,5,2
2,26,65,"Riga",5,3,4,1,2,3,4,2,2,2,5,5,3,3,4,1,4,5,4,4,6
2,26,65,"Stockholm",4,2,3,1,2,3,4,2,2,3,5,5,3,2,3,2,4,5,4,4,6
3,1,66,"Amsterdam",4,5,3,5,5,5,4,3,5,5,5,5,5,4,5,4,5,3,5,5,4
3,1,66,"Athens",4,5,4,4,4,5,5,3,4,5,2,4,5,4,4,4,4,3,5,4,4
3,1,66,"Geneva",4,4,2,4,4,5,4,3,4,3,4,5,5,4,4,3,4,4,5,4,4
3,1,66,"London",4,5,2,5,5,5,4,5,5,5,3,4,5,4,5,4,4,3,5,5,7
3,1,66,"Paris",2,5,2,5,4,5,3,4,5,5,2,3,4,5,5,5,5,2,5,1,6
3,1,66,"Stockholm",5,4,1,4,5,4,4,3,4,4,4,4,5,3,4,3,4,4,5,5,5
3,2,67,"Amsterdam",4,4,2,4,5,4,4,5,5,5,2,3,4,5,5,5,4,2,4,5,6
3,2,67,"Athens",3,5,3,3,3,4,4,3,4,5,3,4,4,4,4,3,4,4,4,4,2
3,2,67,"Geneva",4,4,3,3,3,3,4,4,4,4,3,3,3,3,3,3,3,3,3,4,4
3,2,67,"London",5,5,5,5,5,5,5,5,5,5,3,4,5,5,5,5,4,3,5,5,7
3,2,67,"Paris",2,5,3,5,4,4,3,5,5,5,2,3,4,5,4,4,5,2,4,2,6
3,2,67,"Stockholm",4,3,2,4,4,4,3,4,4,4,3,3,4,4,4,3,4,4,4,4,5
3,3,68,"Amsterdam",4,4,3,5,5,4,3,3,4,4,2,2,4,4,4,4,2,3,3,4,7
3,3,68,"Athens",5,5,4,3,3,5,5,4,5,5,3,2,3,4,4,4,4,3,4,4,6
3,3,68,"Geneva",4,4,1,2,2,4,4,2,3,3,5,5,2,3,2,2,4,4,4,1,NA
3,3,68,"London",3,5,1,4,4,1,2,3,4,4,4,4,5,4,4,5,3,2,4,5,6
3,3,68,"Paris",2,5,3,5,5,5,5,4,5,5,3,4,5,5,4,5,2,3,4,1,5
3,3,68,"Stockholm",5,5,NA,4,4,3,5,3,5,5,2,3,5,1,3,3,3,4,4,5,4
3,4,69,"Amsterdam",3,3,3,3,3,3,3,3,3,3,3,3,3,3,3,3,3,3,3,3,5
3,4,69,"Athens",4,4,4,3,3,4,4,3,4,4,2,2,3,3,3,3,3,3,3,3,5
3,4,69,"Geneva",3,3,3,3,3,3,3,3,3,3,3,3,3,3,3,3,3,3,3,3,6
3,4,69,"London",3,3,3,3,3,3,3,3,3,3,3,3,3,3,3,3,3,3,3,3,5
3,4,69,"Paris",4,4,2,4,4,4,4,4,4,5,2,3,4,3,5,4,5,2,4,3,5
3,4,69,"Stockholm",3,3,3,3,3,3,3,3,3,3,3,3,3,3,3,3,3,3,3,3,6
3,5,70,"Amsterdam",4,2,4,5,5,2,4,4,4,2,4,5,4,5,5,2,5,4,4,5,4
3,5,70,"Athens",2,5,5,2,2,5,2,4,4,4,2,2,2,2,4,4,4,4,4,2,1
3,5,70,"Geneva",2,1,1,1,1,2,2,4,4,4,5,4,2,1,2,2,4,5,4,4,5
3,5,70,"London",2,4,1,4,5,1,4,4,5,4,4,4,5,5,4,4,2,2,4,5,6
3,5,70,"Paris",2,4,1,2,4,3,3,4,4,5,2,4,4,5,4,4,4,1,4,1,3
3,5,70,"Stockholm",4,2,1,5,4,2,4,4,5,4,4,5,2,2,5,2,4,5,4,5,6
3,6,71,"Amsterdam",4,3,4,4,5,3,4,4,3,3,4,5,5,5,5,4,3,3,5,5,5
3,6,71,"Athens",2,5,3,2,2,3,3,2,4,4,3,4,3,4,3,3,3,3,4,3,4
3,6,71,"Geneva",3,4,3,3,1,5,2,2,3,3,3,4,2,4,2,3,3,3,4,2,5
3,6,71,"London",3,4,3,4,4,2,4,4,3,4,3,4,5,5,3,1,3,4,4,5,6
3,6,71,"Paris",3,4,3,4,4,4,4,4,5,5,3,4,4,4,4,2,5,4,4,3,4
3,6,71,"Stockholm",3,2,5,3,3,2,4,3,3,3,5,3,3,4,4,2,3,4,4,5,6
3,7,72,"Amsterdam",5,4,3,4,5,3,3,2,5,5,1,3,5,5,5,5,2,1,2,5,5
3,7,72,"Athens",3,5,5,2,3,4,3,3,2,5,2,3,4,5,4,3,4,2,5,2,5
3,7,72,"Geneva",4,2,1,4,4,3,4,4,4,3,5,4,4,4,2,3,5,4,4,4,2
3,7,72,"London",2,5,1,4,4,2,2,4,5,5,2,4,4,5,4,3,3,1,4,5,7
3,7,72,"Paris",2,5,2,3,3,4,2,4,5,5,1,2,5,5,2,5,3,1,2,1,3
3,7,72,"Stockholm",4,3,1,2,2,3,4,1,4,4,5,3,4,3,4,2,4,5,4,5,7
3,8,73,"Amsterdam",4,3,4,4,5,4,3,4,4,3,3,3,4,4,4,4,3,3,4,4,6
3,8,73,"Athens",4,5,4,3,2,4,3,3,4,4,3,3,4,4,4,3,4,3,4,3,3
3,8,73,"Geneva",4,3,2,2,3,3,3,3,3,3,4,3,3,2,3,3,2,4,3,3,7
3,8,73,"London",5,4,2,5,5,3,5,5,5,5,5,4,5,4,5,4,4,4,4,5,7
3,8,73,"Paris",4,4,3,4,4,3,4,5,5,5,3,4,5,4,5,3,4,3,4,3,5
3,8,73,"Stockholm",4,3,4,3,3,3,4,4,3,3,4,4,3,2,4,2,3,4,4,4,5
3,9,74,"Amsterdam",4,4,4,4,4,4,4,4,4,4,4,4,4,3,4,3,4,4,4,4,5
3,9,74,"Athens",4,4,3,3,3,3,3,3,4,4,3,3,4,3,3,4,4,3,3,3,3
3,9,74,"Geneva",3,4,2,2,2,3,3,3,3,3,4,4,3,3,3,3,3,4,4,4,6
3,9,74,"London",5,5,3,5,4,3,4,4,5,5,5,5,5,2,5,3,4,4,5,5,7
3,9,74,"Paris",3,4,3,3,4,4,4,3,4,4,4,4,4,3,4,4,4,4,4,2,4
3,9,74,"Stockholm",4,4,2,4,4,4,4,3,4,3,4,4,4,3,4,2,4,4,4,4,4
3,10,75,"Amsterdam",4,4,3,5,5,4,4,4,5,5,3,3,5,4,5,5,4,2,3,5,3
3,10,75,"Athens",3,5,5,3,3,4,4,3,5,5,2,4,3,3,3,5,4,2,4,3,2
3,10,75,"Geneva",4,4,2,2,2,3,4,2,3,3,4,4,4,3,3,3,3,5,4,4,5
3,10,75,"London",4,5,1,5,4,4,4,4,5,4,2,3,5,5,4,4,3,3,4,5,6
3,10,75,"Paris",3,5,2,4,4,5,4,4,4,5,3,4,4,5,4,4,5,2,4,2,3
3,10,75,"Stockholm",4,3,1,3,4,3,4,2,4,4,4,4,4,4,4,3,2,5,4,5,6
3,11,76,"Amsterdam",4,4,3,5,5,5,5,4,5,5,4,4,5,4,5,4,3,4,5,5,6
3,11,76,"Athens",3,5,5,4,3,4,3,2,4,4,3,3,4,4,4,3,4,4,5,4,5
3,11,76,"Geneva",4,4,2,3,4,4,5,2,4,4,5,4,NA,3,4,3,4,5,4,5,7
3,11,76,"London",4,5,4,4,5,5,5,5,5,5,4,5,5,4,5,5,5,4,5,5,6
3,11,76,"Paris",3,5,1,4,5,4,5,4,5,5,4,4,5,5,5,4,5,4,5,4,4
3,11,76,"Stockholm",5,5,3,3,4,4,5,4,4,4,5,5,5,3,4,2,3,4,5,5,5
3,12,77,"Amsterdam",4,2,4,5,5,2,4,4,4,2,4,4,4,4,5,2,4,4,5,5,4
3,12,77,"Athens",2,5,5,2,2,5,3,2,2,4,2,2,2,2,4,4,4,3,4,3,1
3,12,77,"Geneva",4,2,1,1,1,2,3,2,2,2,5,4,2,2,2,1,2,5,4,2,5
3,12,77,"London",2,4,1,4,5,3,4,5,5,5,4,4,5,5,4,4,2,2,2,5,6
3,12,77,"Paris",2,4,1,4,4,4,4,4,5,5,2,4,5,5,4,4,4,2,4,2,3
3,12,77,"Stockholm",4,2,2,5,2,2,5,4,4,4,5,5,2,2,4,2,2,5,4,5,6
3,13,78,"Amsterdam",4,4,3,5,4,5,4,4,3,3,4,4,3,4,4,3,5,4,4,4,3
3,13,78,"Athens",2,5,3,2,2,3,2,2,3,5,3,4,2,2,2,2,4,3,3,2,4
3,13,78,"Geneva",4,2,1,2,2,3,4,3,3,2,4,3,3,2,2,2,3,3,3,3,3
3,13,78,"London",4,3,3,3,3,2,4,3,4,4,2,3,4,3,2,3,4,4,4,3,6
3,13,78,"Paris",1,3,1,1,2,2,2,1,2,5,1,2,4,5,3,5,4,2,2,1,5
3,13,78,"Stockholm",4,2,2,3,2,2,2,2,3,4,4,4,4,3,4,2,4,4,5,5,5
3,14,79,"Amsterdam",5,3,4,4,5,3,4,3,4,3,4,4,4,3,4,3,3,3,4,5,4
3,14,79,"Athens",3,5,4,3,3,4,3,2,4,4,3,3,4,4,4,3,4,3,4,3,NA
3,14,79,"Geneva",3,3,1,4,3,2,4,2,3,3,4,4,3,3,3,3,3,4,4,4,1
3,14,79,"London",4,4,1,4,4,2,2,4,4,4,2,3,5,5,5,4,3,2,4,5,2
3,14,79,"Paris",2,4,2,5,4,4,3,4,4,4,3,3,4,5,4,4,5,2,4,1,5
3,14,79,"Stockholm",4,3,2,4,3,4,3,4,3,3,4,4,3,4,4,2,3,3,4,4,6
3,15,80,"Amsterdam",5,5,4,5,5,5,4,4,4,4,4,4,4,4,4,2,4,4,5,5,7
3,15,80,"Athens",4,5,4,2,3,2,4,3,4,4,2,2,3,5,2,5,4,2,4,2,6
3,15,80,"Geneva",4,4,4,4,3,4,3,3,4,4,4,3,4,2,4,2,4,4,4,3,3
3,15,80,"London",4,5,4,5,5,4,4,4,4,4,4,4,5,4,4,2,4,4,4,5,7
3,15,80,"Paris",2,5,4,4,4,4,4,4,5,5,2,4,5,5,4,NA,NA,NA,NA,NA,5
3,15,80,"Stockholm",4,4,4,5,4,4,3,2,4,4,4,4,4,3,3,3,2,4,5,5,5
3,16,81,"Amsterdam",5,5,4,4,4,3,4,3,4,4,3,3,5,4,5,5,4,4,5,5,3
3,16,81,"Athens",3,5,4,3,3,4,4,3,5,5,3,3,3,4,4,4,4,4,5,3,1
3,16,81,"Geneva",2,3,2,3,3,4,5,3,4,4,5,5,3,3,3,2,5,5,5,4,2
3,16,81,"London",4,3,1,5,5,2,5,4,5,4,3,4,5,4,5,4,3,4,3,5,4
3,16,81,"Paris",2,4,2,3,3,3,5,3,5,5,2,4,4,4,3,4,4,3,4,1,2
3,16,81,"Stockholm",4,3,2,5,3,3,5,4,4,4,5,3,5,3,4,3,2,4,4,5,3
3,17,82,"Amsterdam",4,3,4,4,4,5,5,2,5,5,5,5,5,3,4,4,4,4,4,5,6
3,17,82,"Athens",4,5,4,5,5,5,4,4,5,5,5,5,5,4,4,2,4,4,4,4,7
3,17,82,"Geneva",4,4,2,4,3,4,4,3,4,4,4,4,5,2,4,2,3,4,4,4,7
3,17,82,"London",4,4,2,3,4,3,4,4,4,4,4,4,4,2,4,2,3,4,4,5,7
3,17,82,"Paris",4,5,4,5,5,5,5,5,5,5,3,3,5,4,4,4,4,3,4,4,6
3,17,82,"Stockholm",3,3,2,4,3,4,4,2,4,5,5,5,5,2,4,3,4,4,4,4,6
3,18,83,"Amsterdam",4,4,2,5,5,4,3,4,5,5,3,4,5,5,4,4,4,2,4,5,6
3,18,83,"Athens",2,5,4,1,3,4,3,3,5,3,2,3,2,4,4,4,5,1,4,2,3
3,18,83,"Geneva",4,3,1,2,2,3,5,2,3,3,5,3,5,3,2,2,1,5,4,4,6
3,18,83,"London",5,5,1,5,5,4,5,2,5,4,4,4,5,4,4,4,4,4,4,5,6
3,18,83,"Paris",2,5,2,4,5,5,5,5,5,5,1,4,5,5,4,4,5,2,5,3,5
3,18,83,"Stockholm",4,3,1,4,4,4,4,2,3,3,5,4,3,2,4,2,4,4,5,5,7
3,19,84,"Amsterdam",5,5,3,5,5,2,5,5,5,5,3,5,5,5,5,3,2,3,5,5,6
3,19,84,"Athens",5,5,5,3,3,5,5,3,5,3,4,5,5,4,5,2,3,3,5,4,6
3,19,84,"Geneva",4,4,4,4,4,3,3,3,3,3,3,3,3,3,3,3,3,3,3,3,6
3,19,84,"London",5,5,2,5,5,2,5,5,5,5,5,5,5,5,5,3,3,4,5,5,7
3,19,84,"Paris",4,4,2,4,3,3,4,4,4,4,3,5,5,5,5,3,3,1,5,2,7
3,19,84,"Stockholm",5,5,2,4,3,3,2,2,4,4,5,5,5,3,5,2,3,4,5,4,7
3,20,85,"Amsterdam",4,4,5,4,4,3,4,4,3,3,3,3,3,3,4,3,3,3,4,4,4
3,20,85,"Athens",4,5,5,4,3,4,3,3,3,4,3,3,4,3,4,2,4,4,4,4,6
3,20,85,"Geneva",3,4,3,3,3,3,4,4,4,4,4,4,3,2,3,2,3,4,4,3,7
3,20,85,"London",4,4,4,5,4,3,5,5,4,5,3,4,5,4,4,3,3,3,3,5,5
3,20,85,"Paris",4,3,4,5,4,4,5,5,4,4,3,4,4,4,4,3,5,3,4,5,4
3,20,85,"Stockholm",3,5,4,3,3,3,5,4,5,5,4,3,3,4,2,3,3,4,3,4,4
3,21,86,"Amsterdam",4,4,4,4,5,4,4,4,5,4,4,4,5,2,5,3,2,4,4,5,6
3,21,86,"Athens",4,5,4,3,4,4,3,3,4,5,3,4,4,3,4,3,4,3,5,2,3
3,21,86,"Geneva",4,4,3,3,4,3,4,3,4,4,5,4,4,3,3,3,3,4,4,4,5
3,21,86,"London",4,5,2,4,5,3,4,4,5,5,4,4,5,4,5,4,5,4,5,5,7
3,21,86,"Paris",4,5,2,5,5,5,5,5,5,5,4,4,4,4,5,4,5,4,5,4,5
3,21,86,"Stockholm",3,4,2,3,4,3,4,4,4,4,4,4,4,3,4,3,4,4,5,5,4
3,22,87,"Amsterdam",4,4,4,4,4,4,4,4,4,4,4,4,4,4,4,4,4,4,4,4,4
3,22,87,"Athens",3,5,3,3,3,4,3,3,3,5,3,3,4,3,4,3,4,3,5,4,4
3,22,87,"Geneva",3,3,3,3,3,3,3,3,3,3,3,3,3,3,3,3,3,3,3,3,6
3,22,87,"London",4,5,2,4,3,4,4,4,4,4,4,4,4,4,4,3,4,4,4,5,6
3,22,87,"Paris",4,5,4,4,4,5,4,4,4,4,3,3,3,2,4,4,4,4,4,4,4
3,22,87,"Stockholm",3,3,3,3,3,3,3,3,3,3,3,3,3,3,3,3,3,3,3,3,6
3,23,88,"Amsterdam",4,2,4,5,5,2,3,3,4,3,3,4,5,4,5,4,2,3,3,5,6
3,23,88,"Athens",3,5,4,2,2,3,3,2,4,3,2,3,2,4,2,3,4,3,4,2,3
3,23,88,"Geneva",3,4,4,2,2,4,2,3,3,3,2,3,2,3,2,2,3,2,4,2,5
3,23,88,"London",3,4,3,4,4,1,3,4,4,3,3,3,4,4,4,4,3,4,3,5,5
3,23,88,"Paris",3,4,3,4,4,4,4,4,3,4,3,3,4,5,4,4,5,2,4,3,6
3,23,88,"Stockholm",4,3,3,5,4,2,3,3,4,3,4,4,5,3,4,2,4,5,5,5,5
3,24,89,"Amsterdam",4,4,4,5,5,4,4,4,5,4,4,2,5,5,5,4,5,2,4,5,1
3,24,89,"Athens",4,5,4,4,2,4,4,2,4,4,4,5,4,5,2,2,4,2,5,4,2
3,24,89,"Geneva",4,1,1,2,1,1,4,2,2,2,4,2,2,2,1,2,1,4,2,4,3
3,24,89,"London",4,5,4,4,4,2,4,5,4,5,4,2,5,4,2,4,4,4,4,5,6
3,24,89,"Paris",2,4,2,5,4,4,2,4,4,5,1,1,4,5,2,5,2,1,4,4,1
3,24,89,"Stockholm",2,2,1,1,1,2,1,1,1,1,4,3,2,2,1,1,2,4,1,4,6
4,1,90,"Budapest",3,5,5,5,5,5,5,4,5,4,2,4,5,4,5,5,5,3,5,4,5
4,1,90,"Dublin",4,4,2,5,5,4,4,4,4,4,4,5,5,4,5,4,4,3,5,5,6
4,1,90,"Lisbon",4,4,5,5,5,5,4,3,4,4,3,4,5,4,5,3,4,3,5,4,6
4,1,90,"Paris",3,5,2,5,4,5,3,5,5,5,2,4,4,5,5,5,5,2,5,1,5
4,1,90,"Prague",4,5,5,5,5,4,5,3,4,4,4,4,5,5,5,4,5,5,5,5,7
4,1,90,"Riga",3,4,4,5,5,4,4,3,3,3,4,4,5,4,5,3,4,4,5,5,6
4,2,91,"Budapest",5,4,5,3,4,4,4,3,3,2,2,3,3,2,5,4,3,4,4,3,5
4,2,91,"Dublin",3,4,1,2,2,2,4,2,3,3,4,2,3,1,3,3,3,4,3,5,2
4,2,91,"Lisbon",5,5,5,5,5,5,3,4,4,2,3,3,3,3,4,4,5,5,5,2,5
4,2,91,"Paris",3,5,1,5,4,5,4,5,5,5,4,2,5,5,4,5,5,5,5,3,4
4,2,91,"Prague",2,5,5,2,5,4,5,2,2,2,4,5,4,5,5,5,4,4,4,3,5
4,2,91,"Riga",5,5,5,2,3,5,4,3,4,4,4,5,2,2,5,2,5,5,5,5,2
4,3,92,"Budapest",4,4,3,3,3,4,3,3,3,3,3,3,4,2,3,3,4,4,4,3,5
4,3,92,"Dublin",2,2,1,2,2,2,3,2,2,3,2,3,3,2,2,3,2,3,3,5,3
4,3,92,"Lisbon",4,3,3,3,4,4,4,3,3,3,3,4,4,3,4,2,4,4,4,3,5
4,3,92,"Paris",3,4,2,3,4,5,4,4,5,4,2,3,5,5,3,5,4,1,4,1,2
4,3,92,"Prague",4,5,4,4,3,4,4,4,4,4,4,2,4,4,4,2,4,4,5,4,4
4,3,92,"Riga",4,3,3,3,4,3,3,3,2,3,3,3,3,2,3,3,3,3,3,3,3
4,4,93,"Budapest",4,4,4,3,5,3,3,3,4,4,3,4,3,3,5,3,3,4,5,3,6
4,4,93,"Dublin",5,3,2,4,4,2,4,3,4,4,4,4,5,3,4,2,2,4,3,5,3
4,4,93,"Lisbon",5,5,4,4,4,4,4,4,4,4,4,5,4,3,4,2,4,4,4,4,6
4,4,93,"Paris",4,5,2,4,5,5,4,4,5,5,4,4,4,3,4,4,5,3,5,3,5
4,4,93,"Prague",4,4,4,3,5,2,4,2,4,4,3,4,3,4,5,3,3,4,5,3,6
4,4,93,"Riga",4,4,4,3,3,4,3,4,4,4,4,4,3,2,4,2,3,4,4,2,4
4,5,94,"Budapest",4,3,4,3,3,3,4,3,3,4,3,3,4,2,4,2,3,4,4,3,2
4,5,94,"Dublin",4,3,4,3,4,3,3,3,3,3,3,3,4,4,4,3,2,3,4,4,3
4,5,94,"Lisbon",4,3,4,3,3,4,3,3,4,4,3,3,4,3,4,3,3,3,4,4,4
4,5,94,"Paris",3,4,2,4,4,4,4,4,5,5,2,3,4,5,4,4,4,3,4,2,1
4,5,94,"Prague",4,4,4,3,4,5,4,3,4,4,4,3,4,3,4,3,3,4,5,4,4
4,5,94,"Riga",4,3,4,3,3,3,3,3,4,4,3,3,4,3,4,3,3,3,4,4,3
4,6,95,"Budapest",4,4,2,2,2,3,4,2,2,4,3,4,3,4,2,4,4,2,4,4,4
4,6,95,"Dublin",4,3,3,4,4,2,4,2,2,2,2,3,2,4,4,4,1,1,3,5,2
4,6,95,"Lisbon",5,5,4,4,3,5,4,4,4,3,3,4,4,4,3,4,5,2,4,5,4
4,6,95,"Paris",5,5,4,4,5,5,5,5,5,5,3,5,5,5,3,4,5,2,5,3,6
4,6,95,"Prague",5,5,5,4,4,3,4,2,2,2,3,4,4,5,3,4,4,2,4,5,7
4,6,95,"Riga",3,5,2,2,2,3,4,2,3,4,2,4,3,2,1,3,2,1,1,2,3
4,7,96,"Budapest",3,4,3,3,3,3,3,3,3,3,3,3,4,3,3,3,3,3,4,3,7
4,7,96,"Dublin",3,3,3,3,3,3,3,3,3,3,3,3,3,3,3,3,2,3,3,4,7
4,7,96,"Lisbon",2,5,3,3,3,3,3,3,4,4,3,3,3,3,3,3,3,2,4,3,6
4,7,96,"Paris",3,4,3,3,3,3,3,5,3,5,3,3,3,4,3,3,3,3,4,3,4
4,7,96,"Prague",3,4,3,3,3,3,3,3,4,3,3,3,3,3,3,3,4,3,4,3,6
4,7,96,"Riga",3,3,3,3,3,3,3,3,3,3,3,3,3,3,3,3,3,3,3,3,5
4,8,97,"Budapest",3,4,3,3,3,4,3,3,4,4,3,3,4,4,4,3,3,3,3,3,6
4,8,97,"Dublin",4,4,3,2,4,4,2,3,4,4,3,5,4,3,3,4,3,2,4,5,5
4,8,97,"Lisbon",3,4,3,3,4,3,4,3,4,3,3,4,3,3,3,4,3,3,3,3,5
4,8,97,"Paris",2,4,3,4,4,3,4,4,4,4,2,2,4,5,3,4,3,2,3,4,4
4,8,97,"Prague",3,4,3,4,4,3,4,2,4,4,4,4,4,5,3,4,3,2,4,4,6
4,8,97,"Riga",2,4,3,2,4,3,3,3,4,4,3,4,3,3,3,4,3,2,4,2,4
4,9,98,"Budapest",3,4,4,2,4,3,4,3,4,4,4,3,3,3,3,4,3,3,3,4,2
4,9,98,"Dublin",4,4,3,3,5,3,4,3,3,3,4,3,4,3,4,4,2,4,3,5,5
4,9,98,"Lisbon",4,4,3,3,4,4,4,3,4,3,4,3,4,4,4,3,3,4,4,3,4
4,9,98,"Paris",4,5,3,5,5,4,4,5,4,5,4,4,5,4,4,4,5,3,5,4,3
4,9,98,"Prague",4,4,5,4,5,3,5,4,4,4,4,5,4,3,5,3,4,4,4,4,2
4,9,98,"Riga",4,4,4,3,3,3,3,3,4,3,3,3,3,3,4,3,3,4,4,3,4
4,10,99,"Budapest",3,5,4,3,3,4,3,3,3,3,3,3,3,3,NA,3,3,3,3,3,6
4,10,99,"Dublin",NA,NA,NA,NA,NA,NA,NA,NA,NA,NA,NA,NA,NA,NA,NA,NA,NA,NA,NA,NA,1
4,10,99,"Lisbon",4,5,4,4,4,4,4,4,4,3,4,4,3,2,5,3,4,3,5,2,4
4,10,99,"Paris",4,4,1,4,5,4,4,4,5,5,3,3,4,4,3,4,4,2,4,2,7
4,10,99,"Prague",4,4,4,4,4,4,4,4,4,4,2,3,4,4,5,4,4,2,4,3,7
4,10,99,"Riga",3,5,5,2,3,3,4,2,2,2,3,4,2,2,3,3,3,3,4,2,2
4,11,100,"Budapest",4,4,5,3,4,5,4,2,2,1,3,4,3,3,5,3,3,4,4,3,4
4,11,100,"Dublin",3,2,1,3,2,2,5,3,5,4,4,4,3,2,4,2,1,3,5,5,2
4,11,100,"Lisbon",4,4,4,4,4,4,4,4,4,NA,4,4,5,3,5,5,2,3,4,3,3
4,11,100,"Paris",2,4,1,3,2,2,3,3,4,4,2,3,3,5,3,3,2,3,3,2,3
4,11,100,"Prague",4,5,4,4,4,4,NA,3,4,4,4,4,4,5,4,4,3,3,4,4,6
4,11,100,"Riga",5,4,5,4,5,4,5,2,3,3,4,5,5,1,5,3,1,4,4,4,6
4,12,101,"Budapest",4,2,4,4,4,3,4,3,3,3,2,3,4,2,4,2,2,2,2,5,6
4,12,101,"Dublin",4,4,3,4,4,4,3,2,4,3,4,5,4,3,4,4,2,4,4,5,2
4,12,101,"Lisbon",4,4,3,4,4,5,4,4,5,5,4,4,4,4,4,3,4,4,4,4,5
4,12,101,"Paris",4,5,2,4,4,4,4,4,5,5,4,3,5,5,3,4,4,4,4,3,6
4,12,101,"Prague",4,5,5,4,4,4,5,3,4,2,4,3,5,2,4,2,5,4,4,5,7
4,12,101,"Riga",4,4,4,2,2,2,3,3,2,2,3,4,2,2,3,2,3,2,3,3,2
4,13,102,"Budapest",3,3,3,3,3,3,3,3,3,3,3,3,3,3,3,3,2,3,3,4,7
4,13,102,"Dublin",5,4,4,4,4,3,4,4,4,3,4,4,5,3,5,3,3,5,5,5,5
4,13,102,"Lisbon",3,3,3,3,3,3,3,3,3,3,3,3,3,3,3,3,3,3,3,3,7
4,13,102,"Paris",4,4,4,4,4,4,4,4,4,3,3,3,5,4,4,4,4,3,4,5,5
4,13,102,"Prague",4,3,4,4,4,3,3,3,3,3,3,3,3,3,4,3,3,3,3,3,6
4,13,102,"Riga",3,3,3,3,3,3,3,3,3,3,3,3,3,3,3,3,3,3,3,3,3
4,14,103,"Budapest",4,4,4,4,4,NA,5,3,5,4,4,3,4,3,4,2,3,4,5,4,6
4,14,103,"Dublin",NA,NA,NA,NA,NA,NA,NA,NA,NA,NA,NA,NA,NA,NA,NA,NA,NA,NA,NA,NA,4
4,14,103,"Lisbon",5,4,4,5,4,5,4,3,4,3,4,3,4,3,4,2,3,4,5,3,6
4,14,103,"Paris",NA,NA,NA,NA,NA,NA,NA,NA,NA,NA,NA,NA,NA,NA,NA,NA,NA,NA,NA,NA,4
4,14,103,"Prague",4,5,5,3,5,4,4,2,4,4,3,3,4,4,4,3,3,3,4,3,6
4,14,103,"Riga",NA,NA,NA,NA,NA,NA,NA,NA,NA,NA,NA,NA,NA,NA,NA,NA,NA,NA,NA,NA,4
4,15,104,"Budapest",2,4,3,3,3,2,4,3,3,3,3,3,2,3,2,3,3,2,4,2,6
4,15,104,"Dublin",3,4,3,3,2,2,3,2,2,4,4,NA,3,3,3,3,2,4,3,5,5
4,15,104,"Lisbon",4,4,3,3,4,3,3,3,4,4,3,3,3,3,4,3,4,3,4,3,6
4,15,104,"Paris",3,4,2,5,4,3,4,5,4,4,3,1,4,4,5,4,4,1,5,2,7
4,15,104,"Prague",4,4,4,4,4,3,3,4,4,4,4,4,3,4,4,4,4,4,4,3,6
4,15,104,"Riga",3,2,3,2,2,2,2,2,3,3,3,3,2,2,2,3,2,3,3,3,2
4,16,105,"Budapest",4,4,4,3,NA,4,3,3,4,4,3,3,4,2,3,3,3,3,4,3,6
4,16,105,"Dublin",5,3,2,4,5,3,5,4,4,3,4,5,4,4,4,4,3,3,4,5,7
4,16,105,"Lisbon",4,4,2,4,4,4,3,3,4,4,4,4,4,3,3,3,4,3,4,4,7
4,16,105,"Paris",2,4,1,2,2,4,3,4,3,5,3,3,4,5,3,5,2,2,3,2,2
4,16,105,"Prague",4,5,4,4,5,4,5,4,5,5,4,4,4,5,4,4,4,4,5,4,2
4,16,105,"Riga",4,3,2,4,4,3,4,3,4,4,4,4,4,2,4,2,3,4,4,5,4
4,17,106,"Budapest",5,3,5,3,3,4,5,3,3,3,4,4,4,2,5,3,5,4,5,3,7
4,17,106,"Dublin",5,2,3,4,4,4,5,3,3,3,3,4,4,2,5,4,3,4,5,5,2
4,17,106,"Lisbon",5,3,3,3,4,4,5,3,3,3,4,4,3,3,5,3,4,4,5,4,6
4,17,106,"Paris",4,4,3,4,3,5,4,3,4,4,3,4,2,5,5,4,5,2,5,2,7
4,17,106,"Prague",5,3,5,5,4,4,4,3,3,3,3,3,4,4,5,4,4,4,4,4,3
4,17,106,"Riga",4,4,4,2,3,3,3,3,3,3,3,3,3,3,3,3,3,3,3,3,1
4,18,107,"Budapest",3,4,5,5,5,2,3,4,3,3,3,2,4,4,5,3,4,2,4,3,5
4,18,107,"Dublin",4,4,2,4,4,2,3,2,4,4,4,4,2,3,4,2,4,4,4,4,2
4,18,107,"Lisbon",3,4,4,4,4,3,4,4,3,2,4,3,4,4,4,2,5,3,5,4,5
4,18,107,"Paris",2,4,2,4,4,4,4,4,4,4,4,4,4,5,3,4,5,3,4,3,5
4,18,107,"Prague",3,4,4,4,5,3,3,3,3,3,3,4,4,5,4,3,3,3,4,4,3
4,18,107,"Riga",3,3,5,4,5,2,3,4,3,3,3,3,2,2,4,2,3,3,3,3,4
4,19,108,"Budapest",3,5,5,3,3,3,4,2,3,2,3,3,3,2,3,3,4,4,4,3,5
4,19,108,"Dublin",3,3,2,2,2,2,3,3,2,3,3,3,3,3,3,3,2,4,3,5,5
4,19,108,"Lisbon",4,5,3,3,3,4,3,3,3,3,3,3,4,3,4,2,4,4,4,3,4
4,19,108,"Paris",3,5,2,4,3,5,4,3,4,5,4,3,4,3,4,3,5,4,5,2,6
4,19,108,"Prague",4,5,5,3,4,3,4,3,3,3,5,4,3,2,4,2,3,4,4,3,7
4,19,108,"Riga",3,4,5,3,3,3,3,2,2,3,4,3,3,2,3,2,3,4,4,3,4
4,20,109,"Budapest",4,4,2,5,4,3,3,3,4,5,3,4,4,3,4,3,4,2,4,4,3
4,20,109,"Dublin",4,3,1,4,4,3,4,3,4,5,2,5,5,3,4,3,4,4,4,5,4
4,20,109,"Lisbon",4,4,4,5,5,5,3,3,4,4,3,4,4,3,4,3,4,3,4,4,1
4,20,109,"Paris",2,4,1,5,4,5,5,5,5,5,3,4,5,4,5,2,5,2,5,3,1
4,20,109,"Prague",4,4,3,4,5,3,2,2,5,5,3,4,3,3,4,2,3,2,4,4,1
4,20,109,"Riga",4,3,3,3,3,3,3,3,3,3,3,3,3,3,3,3,3,3,3,3,3
4,21,110,"Budapest",2,5,5,4,3,2,5,4,4,4,2,2,4,3,4,4,2,4,3,5,7
4,21,110,"Dublin",4,4,2,3,4,4,4,3,2,1,2,2,4,4,4,4,2,4,1,5,5
4,21,110,"Lisbon",3,3,3,3,3,3,3,3,3,3,3,3,3,3,3,3,3,3,3,3,6
4,21,110,"Paris",3,5,2,4,4,4,2,4,NA,NA,2,2,4,3,3,4,2,4,2,3,4
4,21,110,"Prague",4,5,5,4,5,1,5,5,4,4,2,2,4,3,4,4,2,4,4,4,4
4,21,110,"Riga",3,3,3,3,3,3,3,3,3,3,3,3,3,3,3,3,3,3,3,3,3
4,22,111,"Budapest",4,4,3,3,3,2,3,3,3,3,3,3,4,3,3,3,4,4,4,3,NA
4,22,111,"Dublin",4,4,4,3,2,2,3,2,2,2,3,2,3,4,3,4,3,3,3,5,1
4,22,111,"Lisbon",3,3,3,3,3,3,3,3,3,3,3,3,3,3,3,3,4,4,4,4,6
4,22,111,"Paris",4,4,3,4,4,4,4,4,4,5,4,4,4,4,4,4,4,2,4,2,4
4,22,111,"Prague",4,4,4,3,3,3,2,3,3,2,4,4,4,4,4,4,4,3,5,1,6
4,22,111,"Riga",3,3,3,3,3,3,3,3,3,3,3,3,3,3,3,3,3,3,3,3,5
4,23,112,"Budapest",5,5,5,5,4,4,3,2,4,3,3,4,4,3,5,2,5,4,5,3,7
4,23,112,"Dublin",3,4,2,3,5,3,4,4,4,4,3,5,5,4,4,4,2,3,2,5,2
4,23,112,"Lisbon",5,5,4,4,3,4,3,3,3,3,3,3,3,3,3,3,4,3,5,3,2
4,23,112,"Paris",2,5,1,5,5,4,3,4,5,5,3,4,5,5,5,5,5,2,5,2,5
4,23,112,"Prague",4,5,4,5,5,4,5,4,4,4,4,3,4,5,4,3,5,4,5,3,4
4,23,112,"Riga",3,3,3,4,3,4,3,3,4,4,4,4,3,1,4,1,4,4,3,4,3
4,24,113,"Budapest",5,5,4,4,4,5,5,5,5,3,4,3,4,4,5,4,5,4,5,4,7
4,24,113,"Dublin",5,4,3,2,3,4,4,2,3,3,3,4,3,4,5,3,4,4,5,5,5
4,24,113,"Lisbon",4,5,3,3,4,4,4,4,4,3,3,3,3,4,4,3,4,3,5,4,7
4,24,113,"Paris",4,5,3,4,5,5,5,5,5,5,2,4,5,4,5,4,4,3,5,4,7
4,24,113,"Prague",4,5,4,5,5,4,5,5,5,3,3,3,5,4,5,4,5,3,5,5,7
4,24,113,"Riga",5,4,4,3,3,4,4,4,3,3,3,3,2,2,4,3,4,3,4,4,6
5,1,114,"Brussels",4,5,3,4,4,5,4,4,4,4,4,4,4,4,4,4,4,4,4,4,7
5,1,114,"Istanbul",5,5,5,3,3,5,3,4,4,4,3,3,4,4,4,4,5,3,5,3,NA
5,1,114,"Prague",4,5,3,3,4,5,4,4,4,4,4,4,4,4,4,3,4,4,4,4,NA
5,1,114,"Riga",4,5,4,3,3,5,3,3,3,4,4,4,4,3,3,3,4,4,4,4,7
5,1,114,"Rome",5,5,5,5,5,5,5,5,5,5,5,5,5,5,5,5,5,5,5,5,NA
5,1,114,"Vienna",4,5,3,4,4,5,4,4,4,4,4,4,4,3,4,3,5,4,5,3,NA
5,2,115,"Brussels",4,4,3,3,3,4,4,4,4,4,4,4,4,2,3,3,3,3,3,3,5
5,2,115,"Istanbul",3,5,3,3,3,5,3,5,3,5,3,3,3,1,3,5,4,2,4,2,5
5,2,115,"Prague",4,4,3,4,4,4,4,4,4,4,4,4,4,4,4,3,4,4,4,4,5
5,2,115,"Riga",5,4,4,4,4,4,4,4,4,4,4,3,4,2,4,2,4,4,4,4,7
5,2,115,"Rome",5,5,2,4,4,5,3,4,4,5,3,3,5,3,4,5,5,4,5,3,5
5,2,115,"Vienna",4,4,2,3,3,4,4,4,4,4,5,4,4,2,3,2,4,4,4,3,6
5,3,116,"Brussels",3,2,2,2,3,4,4,3,3,4,2,2,5,4,3,4,2,2,4,5,7
5,3,116,"Istanbul",2,2,3,2,3,5,3,4,4,3,2,2,5,4,3,5,2,2,3,1,7
5,3,116,"Prague",5,5,5,5,5,4,4,3,5,4,2,3,4,4,5,2,4,4,5,4,5
5,3,116,"Riga",4,4,4,4,4,2,2,3,3,4,4,4,4,2,2,3,2,2,4,4,7
5,3,116,"Rome",5,5,5,5,5,5,4,4,5,5,2,4,5,5,5,2,5,4,5,5,5
5,3,116,"Vienna",4,5,3,4,4,4,5,4,5,5,4,5,4,3,5,3,4,4,5,5,6
5,4,117,"Brussels",4,4,3,4,3,3,3,3,4,4,5,4,5,3,3,3,3,5,4,5,3
5,4,117,"Istanbul",4,5,4,4,3,4,3,3,3,3,3,3,3,3,5,4,4,3,5,5,5
5,4,117,"Prague",4,3,4,3,3,3,3,3,3,3,3,3,3,5,3,3,3,3,3,5,4
5,4,117,"Riga",4,4,5,3,3,4,3,3,3,3,4,3,3,2,4,1,3,4,4,4,7
5,4,117,"Rome",4,5,4,4,4,4,3,3,5,5,3,3,4,4,5,4,4,3,5,5,6
5,4,117,"Vienna",4,5,3,4,3,4,4,3,4,4,4,4,4,3,4,2,3,4,4,5,5
5,5,118,"Brussels",4,4,2,2,2,2,4,2,2,2,4,2,4,2,2,2,2,4,3,5,7
5,5,118,"Istanbul",4,5,4,3,5,4,2,4,3,3,1,3,4,4,4,5,3,1,4,4,5
5,5,118,"Prague",4,5,5,4,5,4,4,4,3,3,4,3,4,4,5,4,3,4,4,5,5
5,5,118,"Riga",5,4,5,3,3,2,2,2,2,2,4,3,1,2,3,3,4,3,4,5,7
5,5,118,"Rome",5,5,4,3,3,5,5,5,5,5,3,4,5,5,4,5,5,3,5,4,3
5,5,118,"Vienna",3,4,2,2,2,4,5,3,4,4,4,4,3,5,3,3,4,4,4,3,3
5,6,119,"Brussels",4,5,4,4,3,4,4,4,4,4,5,4,5,3,3,2,3,4,4,5,7
5,6,119,"Istanbul",4,4,4,4,3,4,4,4,4,4,2,2,3,4,4,4,3,2,3,4,5
5,6,119,"Prague",3,3,3,3,3,3,3,3,3,3,3,3,3,3,3,3,3,3,3,3,7
5,6,119,"Riga",3,3,3,3,3,3,3,3,3,3,3,3,3,3,3,3,3,3,3,3,6
5,6,119,"Rome",4,5,4,4,4,5,4,4,5,5,2,3,5,4,4,4,4,2,4,4,3
5,6,119,"Vienna",2,5,4,4,4,5,5,4,5,5,5,5,4,2,4,2,4,5,5,4,3
5,7,120,"Brussels",4,4,3,3,4,2,3,3,4,3,5,4,4,3,4,3,5,4,4,3,3
5,7,120,"Istanbul",3,4,3,2,3,4,3,4,4,2,3,2,4,3,3,4,4,2,2,1,5
5,7,120,"Prague",3,4,3,4,5,5,2,3,4,4,3,2,4,4,4,4,4,2,3,3,5
5,7,120,"Riga",5,3,3,2,2,4,3,3,3,3,NA,NA,NA,NA,NA,2,4,5,4,3,4
5,7,120,"Rome",2,5,4,4,3,5,2,4,5,5,3,3,4,5,2,4,5,3,4,3,6
5,7,120,"Vienna",5,5,4,4,4,4,3,3,5,4,4,3,5,4,5,4,4,5,4,4,4
5,8,121,"Brussels",3,3,3,2,2,2,3,2,2,2,3,3,3,3,2,3,2,3,3,3,NA
5,8,121,"Istanbul",4,4,4,3,2,3,3,3,2,2,2,2,2,3,3,4,2,3,3,2,6
5,8,121,"Prague",3,5,4,4,4,2,3,4,3,3,3,4,3,4,4,4,4,3,4,3,NA
5,8,121,"Riga",4,3,4,4,4,2,3,3,2,2,3,3,3,3,3,3,3,3,3,3,NA
5,8,121,"Rome",3,5,2,3,2,3,3,3,3,4,2,2,3,3,3,3,3,3,3,3,NA
5,8,121,"Vienna",3,5,2,3,2,4,3,3,4,4,4,4,3,3,3,3,3,4,3,3,NA
5,9,122,"Brussels",5,5,2,2,3,3,4,3,4,4,4,4,4,3,3,3,3,4,4,5,6
5,9,122,"Istanbul",4,4,4,4,4,5,3,3,4,4,3,3,3,3,4,4,2,3,4,3,5
5,9,122,"Prague",4,4,4,4,4,3,4,4,4,4,NA,NA,NA,NA,NA,3,4,4,4,3,6
5,9,122,"Riga",3,3,3,3,4,3,3,3,3,3,3,3,3,3,3,3,3,3,3,3,NA
5,9,122,"Rome",4,4,4,4,4,4,4,4,4,4,4,4,4,4,4,4,4,3,5,3,NA
5,9,122,"Vienna",4,5,2,4,3,3,4,4,4,4,4,4,3,4,4,3,4,5,4,4,NA
5,10,123,"Brussels",4,3,2,3,3,4,3,3,3,3,4,3,4,2,3,3,3,4,3,5,7
5,10,123,"Istanbul",4,5,4,5,4,5,2,4,4,5,2,3,5,3,4,5,5,4,5,4,6
5,10,123,"Prague",5,5,4,5,4,5,4,4,4,4,3,3,4,3,4,4,4,4,5,4,6
5,10,123,"Riga",4,4,4,4,3,4,3,4,4,4,3,3,4,2,4,3,4,4,4,3,6
5,10,123,"Rome",4,5,3,4,4,5,2,3,4,4,3,2,4,4,4,4,5,4,5,4,5
5,10,123,"Vienna",4,5,3,4,4,4,4,3,5,5,4,3,4,3,4,4,4,4,4,4,5
5,11,124,"Brussels",3,4,2,2,3,4,4,3,3,4,5,4,5,3,4,3,4,4,4,5,7
5,11,124,"Istanbul",5,5,5,5,5,5,3,4,3,4,3,1,3,3,4,5,5,3,5,3,5
5,11,124,"Prague",4,5,3,4,4,5,4,3,4,3,4,3,4,5,4,4,5,3,5,4,6
5,11,124,"Riga",4,3,4,3,3,3,3,3,3,3,3,3,2,3,3,3,4,3,4,3,6
5,11,124,"Rome",4,5,2,5,4,5,4,3,5,5,4,4,4,5,5,4,5,3,5,4,4
5,11,124,"Vienna",4,4,2,3,3,5,5,3,5,4,NA,NA,NA,NA,NA,5,5,5,5,4,4
5,12,125,"Brussels",5,4,1,1,2,4,5,2,5,5,5,5,5,2,3,1,5,5,5,3,6
5,12,125,"Istanbul",5,5,5,5,5,5,3,3,3,5,2,2,4,2,5,5,5,5,5,4,5
5,12,125,"Prague",NA,NA,NA,NA,NA,NA,NA,NA,NA,NA,NA,NA,NA,NA,NA,NA,NA,NA,NA,NA,7
5,12,125,"Riga",NA,NA,NA,NA,NA,NA,NA,NA,NA,NA,NA,NA,NA,NA,NA,NA,NA,NA,NA,NA,3
5,12,125,"Rome",NA,NA,NA,NA,NA,NA,NA,NA,NA,NA,NA,NA,NA,NA,NA,NA,NA,NA,NA,NA,3
5,12,125,"Vienna",NA,NA,NA,NA,NA,NA,NA,NA,NA,NA,NA,NA,NA,NA,NA,NA,NA,NA,NA,NA,3
5,13,126,"Brussels",4,3,3,3,3,3,3,3,3,4,4,3,3,3,4,3,3,4,4,4,6
5,13,126,"Istanbul",4,4,3,4,4,4,3,4,4,3,3,3,3,3,3,3,3,3,4,4,6
5,13,126,"Prague",4,3,3,3,4,3,3,3,3,3,3,3,3,3,4,3,3,4,4,4,6
5,13,126,"Riga",3,3,3,3,3,3,3,3,3,3,3,3,3,3,3,3,3,3,3,3,3
5,13,126,"Rome",4,5,4,3,3,4,4,3,5,5,3,3,3,3,4,3,5,4,5,4,4
5,13,126,"Vienna",3,4,3,3,4,3,4,4,3,4,4,3,3,3,4,3,4,5,4,4,4
5,14,127,"Brussels",3,3,3,3,3,3,3,3,3,3,3,3,3,3,3,3,3,3,3,3,4
5,14,127,"Istanbul",3,3,3,3,3,1,3,3,3,3,3,3,3,3,3,3,3,3,3,3,2
5,14,127,"Prague",3,3,3,3,3,3,3,3,3,3,3,3,3,3,3,3,3,3,3,3,6
5,14,127,"Riga",3,3,3,3,3,3,3,3,3,3,3,3,3,3,3,3,3,3,3,3,5
5,14,127,"Rome",3,3,3,3,3,3,3,3,3,3,3,3,3,NA,3,3,3,3,3,3,2
5,14,127,"Vienna",3,3,3,3,3,3,3,3,3,3,3,3,3,3,3,3,3,3,3,3,3
5,15,128,"Brussels",2,2,4,2,4,2,4,3,3,3,4,3,5,2,2,3,1,1,2,4,7
5,15,128,"Istanbul",4,5,5,5,5,5,5,5,4,3,2,4,4,4,5,5,2,2,4,4,7
5,15,128,"Prague",4,5,5,5,5,4,5,5,4,4,2,4,4,4,5,5,4,2,4,4,7
5,15,128,"Riga",4,5,2,2,4,4,3,2,3,4,4,3,4,2,4,2,2,4,3,4,5
5,15,128,"Rome",5,5,2,4,3,5,2,4,5,2,4,2,2,5,4,5,5,4,4,2,4
5,15,128,"Vienna",5,5,2,5,5,5,5,4,5,5,5,5,5,2,5,2,5,5,5,5,6
5,16,129,"Brussels",4,3,2,2,2,3,4,2,3,4,2,2,5,3,3,4,2,2,3,5,3
5,16,129,"Istanbul",2,5,5,2,1,3,2,1,5,5,2,3,3,3,4,2,2,1,4,2,4
5,16,129,"Prague",4,5,4,2,2,4,4,3,5,4,4,3,4,5,4,2,4,3,3,4,5
5,16,129,"Riga",3,3,5,2,2,3,3,3,3,3,3,4,2,2,3,2,3,2,4,3,6
5,16,129,"Rome",4,5,4,4,4,5,4,4,5,5,2,3,4,5,4,3,4,1,4,2,3
5,16,129,"Vienna",4,5,2,3,3,3,4,2,4,5,5,4,3,4,4,2,4,4,4,4,5
5,17,130,"Brussels",3,4,2,3,3,3,4,3,3,3,4,3,4,3,2,3,2,4,4,4,7
5,17,130,"Istanbul",3,4,3,3,3,4,3,3,4,3,4,3,4,3,4,3,3,3,4,4,6
5,17,130,"Prague",4,4,5,3,3,3,4,3,3,3,3,3,4,3,4,3,3,3,5,4,7
5,17,130,"Riga",4,3,2,4,3,3,3,3,4,3,4,4,3,2,3,2,4,4,4,5,5
5,17,130,"Rome",4,5,3,4,3,5,5,3,5,5,2,3,4,3,4,4,4,3,5,4,3
5,17,130,"Vienna",NA,NA,NA,NA,NA,NA,NA,NA,NA,NA,NA,NA,NA,NA,NA,NA,NA,NA,NA,NA,4
5,18,131,"Brussels",4,3,3,4,4,4,4,3,4,4,4,4,5,4,4,4,3,3,4,4,NA
5,18,131,"Istanbul",3,4,3,4,4,4,3,4,4,4,4,3,4,4,4,4,3,3,4,4,6
5,18,131,"Prague",3,4,4,3,4,3,3,3,3,3,3,3,4,4,4,4,3,3,4,3,5
5,18,131,"Riga",4,4,4,3,4,4,4,3,3,3,3,4,3,3,4,3,3,3,4,3,6
5,18,131,"Rome",4,5,2,4,4,4,4,4,5,5,4,4,4,5,4,4,4,3,5,4,NA
5,18,131,"Vienna",4,4,2,4,4,4,4,4,4,4,5,5,4,4,4,3,4,4,4,4,NA
5,19,132,"Brussels",3,3,3,3,3,3,3,3,3,3,3,3,3,3,3,3,3,3,3,3,7
5,19,132,"Istanbul",4,4,4,3,4,3,3,4,4,3,4,3,3,4,4,3,3,2,4,3,7
5,19,132,"Prague",3,3,3,3,3,3,3,3,3,3,3,3,3,3,3,3,3,3,3,3,7
5,19,132,"Riga",3,3,3,3,3,3,3,3,3,3,3,3,3,3,3,3,3,3,3,3,7
5,19,132,"Rome",3,5,3,3,3,3,3,3,5,3,3,3,3,3,3,3,3,3,4,4,7
5,19,132,"Vienna",3,3,3,3,3,3,3,3,3,3,3,3,3,3,3,3,3,3,3,3,7
5,20,133,"Brussels",3,2,4,2,2,2,4,2,3,3,4,3,4,3,3,3,2,2,3,4,6
5,20,133,"Istanbul",3,4,3,3,3,5,3,4,4,3,3,4,5,3,4,4,2,3,4,3,5
5,20,133,"Prague",3,4,4,3,4,4,2,2,4,4,3,2,3,2,4,3,3,4,4,4,3
5,20,133,"Riga",3,3,4,2,2,3,4,2,3,3,3,3,2,2,3,2,2,4,3,3,6
5,20,133,"Rome",3,5,4,3,2,4,3,3,5,5,3,3,5,4,4,3,4,3,4,4,4
5,20,133,"Vienna",4,5,4,2,2,4,3,3,4,4,4,3,2,3,3,2,5,4,5,4,4
5,21,134,"Brussels",2,2,2,2,4,3,3,2,2,2,3,3,5,3,1,3,1,4,3,5,4
5,21,134,"Istanbul",3,2,5,3,3,1,3,1,1,1,1,1,3,3,3,5,3,1,2,1,7
5,21,134,"Prague",4,5,5,4,4,5,3,3,3,3,4,3,3,4,5,3,4,4,5,3,2
5,21,134,"Riga",3,3,4,2,3,3,3,3,3,3,3,3,3,3,3,3,3,3,3,3,2
5,21,134,"Rome",4,5,2,4,4,5,3,1,3,3,3,4,4,5,2,4,5,3,5,2,4
5,21,134,"Vienna",3,5,2,3,4,4,4,3,5,5,5,5,5,2,2,2,3,5,4,4,5
5,22,135,"Brussels",5,5,5,5,3,5,5,5,5,5,5,5,5,4,5,3,5,5,5,5,7
5,22,135,"Istanbul",5,5,5,5,3,3,4,3,5,5,5,5,4,4,5,3,5,5,5,5,7
5,22,135,"Prague",5,5,5,5,5,5,5,5,5,5,5,5,5,4,5,1,5,5,5,5,3
5,22,135,"Riga",5,5,5,5,3,3,3,3,5,5,5,5,5,3,5,3,5,5,5,5,7
5,22,135,"Rome",5,5,5,5,3,5,5,5,5,5,5,5,5,3,5,3,5,5,5,5,5
5,22,135,"Vienna",5,5,5,5,5,5,5,5,5,5,5,5,5,5,5,1,5,5,5,5,7
5,23,136,"Brussels",3,2,4,2,2,2,5,4,4,4,2,4,4,1,2,2,1,2,1,5,7
5,23,136,"Istanbul",2,4,5,4,4,2,2,2,3,3,1,3,4,1,2,5,4,1,2,4,2
5,23,136,"Prague",2,4,5,2,4,2,2,4,5,4,1,4,2,2,2,4,4,2,3,4,7
5,23,136,"Riga",3,2,5,2,2,2,4,2,3,3,2,3,1,1,2,2,2,2,2,2,6
5,23,136,"Rome",4,5,4,2,2,5,4,5,4,5,1,4,2,4,4,5,4,2,4,3,5
5,23,136,"Vienna",2,4,4,2,2,2,4,5,5,2,5,3,2,2,2,2,4,5,5,2,6
6,1,137,"Athens",2,4,3,2,3,4,3,3,3,4,2,3,4,2,2,4,3,2,3,3,2
6,1,137,"Barcelona",4,4,3,4,4,5,3,4,4,3,4,3,4,2,4,4,4,3,4,5,6
6,1,137,"Berlin",5,4,3,4,4,3,5,4,5,4,4,4,4,2,4,3,3,4,4,4,6
6,1,137,"Brussels",4,4,2,3,3,3,4,4,4,3,4,4,4,2,3,3,3,4,4,5,3
6,1,137,"Krakow",3,4,4,2,3,2,3,3,3,3,2,2,3,2,3,3,2,2,3,4,6
6,1,137,"Madrid",4,4,2,4,3,4,3,4,4,3,4,4,4,3,4,3,4,4,4,4,7
6,2,138,"Athens",4,5,4,4,4,5,3,3,4,4,3,3,3,4,4,4,5,4,5,NA,6
6,2,138,"Barcelona",4,4,3,4,4,5,3,4,4,4,4,3,4,4,4,4,4,3,4,4,6
6,2,138,"Berlin",4,4,3,5,5,5,4,4,5,5,4,4,4,3,4,4,4,3,4,4,6
6,2,138,"Brussels",4,4,3,4,4,5,3,4,4,4,4,4,4,4,4,4,4,3,4,4,7
6,2,138,"Krakow",5,5,5,5,5,5,5,5,5,5,5,5,5,3,5,3,5,5,5,5,7
6,2,138,"Madrid",4,5,4,4,4,5,3,4,4,5,3,3,4,4,4,4,4,3,4,4,6
6,3,139,"Athens",3,4,1,3,3,4,3,3,5,5,2,3,4,5,3,3,4,2,3,4,2
6,3,139,"Barcelona",4,4,2,5,4,3,4,4,4,5,4,3,4,4,4,3,3,2,4,4,4
6,3,139,"Berlin",3,4,4,4,5,4,5,5,5,4,1,2,4,4,4,4,3,3,3,3,3
6,3,139,"Brussels",4,2,3,2,3,4,3,3,3,3,4,4,3,2,3,2,2,4,3,4,5
6,3,139,"Krakow",4,4,4,2,3,3,2,2,2,3,3,4,3,3,3,3,3,3,3,3,4
6,3,139,"Madrid",4,4,2,3,4,5,3,4,4,4,3,3,3,4,3,3,3,2,3,4,5
6,4,140,"Athens",4,5,4,3,3,5,3,4,4,5,3,4,3,3,5,3,3,4,5,4,5
6,4,140,"Barcelona",4,4,3,4,4,4,3,4,4,4,3,2,4,3,4,4,5,4,4,3,5
6,4,140,"Berlin",4,5,3,4,4,5,3,4,3,4,4,4,4,4,4,3,3,3,4,3,5
6,4,140,"Brussels",4,3,3,3,3,5,3,3,3,3,3,3,3,2,3,3,3,2,3,NA,7
6,4,140,"Krakow",5,5,5,4,4,5,5,5,5,5,4,5,4,2,5,3,4,5,5,5,6
6,4,140,"Madrid",4,4,3,3,5,3,3,3,4,4,3,4,3,3,4,3,3,4,4,4,6
6,5,141,"Athens",4,5,4,2,4,4,5,3,4,5,3,4,3,2,4,4,4,4,4,3,6
6,5,141,"Barcelona",4,4,4,2,4,4,4,3,4,4,3,3,3,3,4,3,3,3,4,3,6
6,5,141,"Berlin",5,5,5,5,5,3,5,4,5,4,3,5,5,3,5,4,2,4,4,5,6
6,5,141,"Brussels",3,4,3,4,2,4,4,3,5,4,4,4,4,4,4,3,4,4,4,5,6
6,5,141,"Krakow",3,3,3,3,3,3,3,3,3,3,3,3,3,3,3,3,3,3,3,3,6
6,5,141,"Madrid",5,4,4,4,5,4,4,3,3,5,4,4,4,3,4,3,4,4,4,2,6
6,6,142,"Athens",5,5,4,4,5,5,4,5,5,5,4,4,4,4,4,4,4,5,5,4,6
6,6,142,"Barcelona",5,5,4,4,5,4,3,4,4,4,3,4,5,4,4,4,4,3,4,3,5
6,6,142,"Berlin",4,4,4,4,4,3,4,4,4,4,3,3,4,4,4,4,4,3,4,4,6
6,6,142,"Brussels",4,4,2,4,3,3,3,3,3,3,4,4,4,4,3,3,3,3,4,4,4
6,6,142,"Krakow",3,4,3,2,3,3,3,3,3,3,3,3,3,3,3,3,3,3,3,3,4
6,6,142,"Madrid",4,4,3,4,4,4,4,4,4,4,3,4,4,4,4,4,4,3,4,3,6
6,7,143,"Athens",NA,NA,NA,NA,NA,NA,NA,NA,NA,NA,NA,NA,NA,NA,NA,NA,NA,NA,NA,NA,2
6,7,143,"Barcelona",4,5,4,3,4,4,5,4,3,4,3,3,2,2,4,3,4,3,5,2,6
6,7,143,"Berlin",4,4,5,5,5,4,2,4,4,4,3,5,5,3,5,4,3,3,4,5,4
6,7,143,"Brussels",NA,NA,NA,NA,NA,NA,NA,NA,NA,NA,NA,NA,NA,NA,NA,NA,NA,NA,NA,NA,6
6,7,143,"Krakow",NA,NA,NA,NA,NA,NA,NA,NA,NA,NA,NA,NA,NA,NA,NA,NA,NA,NA,NA,NA,6
6,7,143,"Madrid",4,5,3,4,5,5,4,4,4,3,3,4,3,3,5,3,4,4,5,3,5
6,8,144,"Athens",4,4,3,3,3,4,3,3,4,4,4,3,3,3,4,3,4,3,4,3,4
6,8,144,"Barcelona",4,4,4,4,4,4,3,3,4,4,4,4,4,3,4,3,3,3,4,3,6
6,8,144,"Berlin",3,4,4,4,5,4,4,3,4,4,2,3,5,4,4,4,3,3,4,5,5
6,8,144,"Brussels",3,3,2,3,3,3,3,3,3,3,3,3,3,2,4,3,3,3,4,4,6
6,8,144,"Krakow",3,4,4,4,4,3,3,3,3,3,3,3,3,2,4,3,3,3,4,3,6
6,8,144,"Madrid",4,4,4,4,4,4,4,3,4,4,4,4,4,3,5,3,4,4,5,3,7
6,9,145,"Athens",4,5,4,2,2,5,3,2,4,4,2,3,3,4,4,4,3,2,3,3,7
6,9,145,"Barcelona",4,4,4,4,4,4,4,4,4,4,3,NA,4,5,4,5,4,3,4,2,7
6,9,145,"Berlin",5,5,5,5,5,5,5,5,5,5,3,5,5,4,5,3,3,4,4,4,7
6,9,145,"Brussels",4,3,2,2,2,3,3,3,3,3,3,3,4,4,4,3,3,4,3,4,7
6,9,145,"Krakow",4,4,4,3,3,4,3,3,3,3,3,3,3,4,4,3,4,3,4,3,7
6,9,145,"Madrid",4,3,3,4,4,4,3,4,4,4,3,3,3,4,4,4,4,3,4,3,7
6,10,146,"Athens",3,3,3,3,3,3,3,3,3,3,3,3,3,3,3,3,3,3,3,3,NA
6,10,146,"Barcelona",4,4,5,4,4,5,4,4,5,5,4,4,4,4,4,3,4,4,4,4,7
6,10,146,"Berlin",3,3,3,3,3,3,3,3,3,3,3,3,3,3,3,3,3,3,3,3,6
6,10,146,"Brussels",3,3,3,3,3,3,3,4,3,3,2,3,5,4,3,4,3,3,3,3,NA
6,10,146,"Krakow",3,3,3,3,3,4,3,3,3,3,3,3,3,3,3,4,4,4,4,4,NA
6,10,146,"Madrid",3,3,3,3,3,3,3,3,3,3,3,3,3,3,3,3,3,3,3,3,NA
6,11,147,"Athens",4,5,4,3,3,3,3,3,4,4,4,4,3,4,3,2,4,4,4,3,NA
6,11,147,"Barcelona",4,4,4,4,3,4,4,4,5,5,3,4,3,3,4,4,3,4,4,3,4
6,11,147,"Berlin",4,2,4,3,5,2,5,4,3,3,4,4,5,3,3,2,2,5,3,5,NA
6,11,147,"Brussels",3,4,4,3,3,3,4,3,4,4,3,3,3,3,3,3,3,4,4,4,6
6,11,147,"Krakow",3,3,3,3,3,3,3,3,3,3,3,3,3,3,3,3,3,3,3,3,NA
6,11,147,"Madrid",5,4,4,4,4,4,4,5,5,5,4,4,4,4,4,4,4,4,4,5,NA
6,12,148,"Athens",4,5,4,2,4,4,2,2,5,4,1,2,4,3,4,5,2,3,3,4,4
6,12,148,"Barcelona",2,4,4,5,4,5,4,4,4,3,2,3,4,3,4,4,2,3,3,4,4
6,12,148,"Berlin",1,5,5,5,5,3,5,4,4,4,2,3,5,4,4,4,2,4,2,5,4
6,12,148,"Brussels",3,4,2,2,2,4,3,3,3,3,4,4,3,2,2,2,4,4,3,4,7
6,12,148,"Krakow",3,3,5,3,3,NA,3,3,3,3,2,3,3,2,3,2,3,4,3,5,5
6,12,148,"Madrid",3,4,3,3,4,4,3,3,3,3,2,2,4,3,3,4,3,3,4,3,7
6,13,149,"Athens",4,5,4,3,3,4,3,3,4,4,4,3,3,3,4,4,4,4,4,3,4
6,13,149,"Barcelona",4,5,4,4,3,5,4,3,4,4,3,4,4,3,4,3,4,4,4,3,5
6,13,149,"Berlin",3,4,4,4,4,3,4,4,4,4,2,3,4,3,4,4,3,4,3,4,3
6,13,149,"Brussels",3,2,2,2,3,2,3,3,3,3,4,3,4,3,2,3,2,3,2,4,6
6,13,149,"Krakow",4,4,5,4,3,4,3,3,4,4,4,3,4,3,3,3,3,4,4,3,5
6,13,149,"Madrid",4,4,4,3,4,4,3,4,4,4,3,3,4,3,4,3,4,4,4,3,6
6,14,150,"Athens",2,4,4,3,4,3,5,2,3,4,4,3,3,2,4,4,3,2,3,4,1
6,14,150,"Barcelona",3,3,3,4,4,2,3,4,4,3,2,3,5,2,4,4,3,2,2,4,5
6,14,150,"Berlin",3,2,NA,3,5,2,5,5,5,4,1,2,2,5,5,5,1,2,2,5,1
6,14,150,"Brussels",4,5,2,4,3,3,2,2,3,3,3,4,4,3,3,4,3,5,3,2,5
6,14,150,"Krakow",5,3,3,2,4,3,4,5,2,3,2,3,4,5,3,3,4,4,2,3,3
6,14,150,"Madrid",4,3,2,3,4,4,4,4,3,3,2,3,2,4,4,2,4,4,3,4,4
6,15,151,"Athens",3,5,4,2,3,4,3,3,5,5,2,2,3,4,4,4,4,2,4,4,4
6,15,151,"Barcelona",3,4,3,4,5,4,4,3,4,4,2,3,4,4,4,4,4,4,5,5,7
6,15,151,"Berlin",3,4,4,4,5,2,4,4,4,4,2,3,5,3,4,4,1,4,2,5,4
6,15,151,"Brussels",3,4,2,3,3,3,3,4,3,3,4,3,4,5,4,3,4,2,4,5,6
6,15,151,"Krakow",3,3,4,3,4,3,3,3,3,3,3,3,3,3,3,3,3,3,3,4,7
6,15,151,"Madrid",3,3,4,4,4,4,4,4,3,3,3,3,4,3,3,3,3,3,3,4,5
6,16,152,"Athens",3,5,2,4,3,4,3,2,3,5,2,2,2,5,3,3,3,2,3,3,4
6,16,152,"Barcelona",4,4,4,5,4,5,4,3,4,4,3,3,5,4,5,3,4,3,5,4,6
6,16,152,"Berlin",4,4,5,5,5,4,4,3,5,4,2,4,5,4,5,3,3,4,4,5,4
6,16,152,"Brussels",4,4,2,4,3,3,4,2,3,2,4,3,5,4,3,3,2,4,3,5,7
6,16,152,"Krakow",4,5,5,4,2,3,4,2,4,4,3,3,2,3,3,2,4,3,4,3,4
6,16,152,"Madrid",4,5,4,4,4,4,4,3,4,5,3,3,4,4,4,3,4,3,4,4,6
6,17,153,"Athens",3,5,5,5,3,4,4,3,5,5,2,3,3,4,4,4,5,2,5,2,7
6,17,153,"Barcelona",4,4,4,5,5,4,4,4,5,5,3,4,4,4,5,4,5,4,5,3,2
6,17,153,"Berlin",5,5,5,5,NA,5,5,5,5,5,1,4,5,3,5,4,5,4,4,5,6
6,17,153,"Brussels",4,4,3,4,4,3,4,3,4,3,5,5,5,4,4,3,4,5,4,5,2
6,17,153,"Krakow",4,5,5,5,4,5,4,5,5,5,4,4,3,2,4,3,4,4,4,4,6
6,17,153,"Madrid",4,4,4,4,5,4,4,5,4,5,3,4,3,5,4,4,5,3,5,3,7
6,18,154,"Athens",5,5,4,5,5,5,4,3,5,5,3,4,4,4,5,4,5,2,5,4,5
6,18,154,"Barcelona",5,5,3,4,5,5,4,3,5,4,3,3,4,4,5,4,5,3,5,4,3
6,18,154,"Berlin",4,5,5,4,4,5,5,5,5,5,5,5,5,4,4,2,4,5,4,5,6
6,18,154,"Brussels",4,4,3,5,4,4,4,4,3,5,5,4,4,5,4,4,4,5,4,5,5
6,18,154,"Krakow",5,5,5,5,5,5,4,4,5,5,5,5,4,3,5,3,4,4,5,5,4
6,18,154,"Madrid",5,5,4,5,5,5,5,5,5,5,3,3,4,4,5,5,5,4,5,4,5
6,19,155,"Athens",3,5,4,3,3,4,1,2,5,5,2,2,4,3,3,3,3,3,3,3,4
6,19,155,"Barcelona",2,4,4,4,4,5,3,3,4,3,3,3,3,3,4,3,3,1,4,3,4
6,19,155,"Berlin",5,5,5,5,5,4,5,5,5,5,5,5,5,2,5,2,4,5,5,5,3
6,19,155,"Brussels",4,4,4,4,4,3,3,3,3,3,2,4,2,4,4,2,4,4,5,4,3
6,19,155,"Krakow",3,4,5,4,4,2,2,2,4,4,4,4,4,2,4,2,4,1,4,2,4
6,19,155,"Madrid",5,5,5,5,5,4,3,3,3,3,3,3,4,3,3,4,4,4,4,4,6
6,20,156,"Athens",3,5,3,2,3,5,3,3,3,4,3,3,3,4,3,4,2,4,4,3,3
6,20,156,"Barcelona",4,4,3,5,5,4,4,4,4,4,3,3,4,4,4,3,4,4,4,4,7
6,20,156,"Berlin",3,4,4,5,5,4,4,4,5,5,3,4,4,4,4,4,3,4,3,4,4
6,20,156,"Brussels",3,3,3,2,4,3,4,3,3,3,2,3,4,3,3,4,2,2,2,3,6
6,20,156,"Krakow",4,4,4,3,3,3,3,3,3,3,3,3,4,3,4,3,3,4,4,4,6
6,20,156,"Madrid",4,4,3,4,4,4,4,3,3,3,3,3,4,4,4,3,3,4,4,4,5
6,21,157,"Athens",NA,NA,NA,NA,NA,NA,NA,NA,NA,NA,NA,NA,NA,NA,NA,NA,NA,NA,NA,NA,4
6,21,157,"Barcelona",NA,NA,NA,NA,NA,NA,NA,NA,NA,NA,NA,NA,NA,NA,NA,NA,NA,NA,NA,NA,7
6,21,157,"Berlin",5,5,4,5,5,NA,NA,NA,NA,NA,NA,NA,NA,NA,NA,NA,NA,NA,NA,NA,5
6,21,157,"Brussels",NA,NA,NA,NA,NA,NA,NA,NA,NA,NA,NA,NA,NA,NA,NA,NA,NA,NA,NA,NA,2
6,21,157,"Krakow",NA,NA,NA,NA,NA,NA,NA,NA,NA,NA,NA,NA,NA,NA,NA,NA,NA,NA,NA,NA,6
6,21,157,"Madrid",NA,NA,NA,NA,NA,NA,NA,NA,NA,NA,NA,NA,NA,NA,NA,NA,NA,NA,NA,NA,7
6,22,158,"Athens",NA,NA,NA,NA,NA,NA,NA,NA,NA,NA,NA,NA,NA,NA,NA,NA,NA,NA,NA,NA,1
6,22,158,"Barcelona",5,5,5,5,5,3,3,3,3,2,5,5,5,4,5,3,5,5,5,5,4
6,22,158,"Berlin",4,4,4,4,5,1,5,5,5,5,1,4,4,4,4,1,5,5,5,5,6
6,22,158,"Brussels",4,4,4,4,4,1,4,3,4,4,4,4,4,4,3,2,4,3,5,5,7
6,22,158,"Krakow",NA,NA,NA,NA,NA,NA,NA,NA,NA,NA,NA,NA,NA,NA,NA,NA,NA,NA,NA,NA,4
6,22,158,"Madrid",5,5,5,5,5,5,5,5,5,5,4,5,4,4,5,3,5,5,5,5,7
6,23,159,"Athens",3,5,4,3,3,3,3,3,4,4,3,3,3,3,4,3,3,3,5,3,6
6,23,159,"Barcelona",4,4,4,4,3,3,3,4,4,3,2,3,3,3,4,3,4,2,4,3,7
6,23,159,"Berlin",4,5,5,5,5,3,5,5,5,5,1,4,5,3,5,3,2,3,4,4,4
6,23,159,"Brussels",3,2,3,3,3,4,4,4,3,3,4,3,3,3,3,3,3,1,3,5,4
6,23,159,"Krakow",3,5,3,3,4,3,4,3,4,3,3,3,3,3,4,3,3,3,4,4,7
6,23,159,"Madrid",4,3,4,3,4,4,4,4,3,3,3,3,3,4,4,3,4,2,4,3,4
6,24,160,"Athens",4,4,4,2,4,4,4,2,4,3,4,4,4,4,4,3,4,4,4,2,5
6,24,160,"Barcelona",3,4,3,4,3,4,3,3,4,3,3,3,3,3,NA,3,3,3,3,3,5
6,24,160,"Berlin",3,3,3,3,3,3,3,3,3,3,3,3,3,3,3,3,3,3,3,3,1
6,24,160,"Brussels",3,3,3,3,3,3,3,3,3,3,3,3,3,3,3,3,3,3,3,3,5
6,24,160,"Krakow",3,3,3,3,3,3,3,3,3,3,3,3,3,3,3,3,3,3,3,3,2
6,24,160,"Madrid",4,4,4,4,5,4,4,5,5,4,4,5,5,5,5,2,4,4,5,1,5
6,25,161,"Athens",5,5,5,4,4,5,5,5,4,3,2,3,3,2,5,4,5,3,4,4,3
6,25,161,"Barcelona",3,5,3,4,5,4,4,4,5,5,2,2,4,5,4,5,5,2,4,3,3
6,25,161,"Berlin",4,5,3,5,5,3,5,5,5,5,4,3,5,5,4,5,4,4,3,5,4
6,25,161,"Brussels",3,5,3,3,3,4,4,3,4,5,4,3,5,3,4,4,2,4,3,5,7
6,25,161,"Krakow",5,5,5,5,5,4,5,4,5,5,4,5,2,2,5,2,5,5,5,5,7
6,25,161,"Madrid",4,5,5,5,5,4,4,4,5,5,2,3,4,4,4,4,5,2,4,3,7
7,1,162,"Barcelona",5,4,4,5,5,4,5,5,4,5,4,4,5,4,5,4,3,4,4,3,NA
7,1,162,"Berlin",5,4,4,5,5,3,3,3,4,3,4,4,5,3,5,3,4,5,4,5,5
7,1,162,"Dublin",4,2,3,4,4,3,3,4,4,3,3,4,5,3,4,3,3,3,3,5,6
7,1,162,"Krakow",5,5,5,5,5,5,5,3,4,4,4,5,5,2,5,2,4,5,4,5,NA
7,1,162,"Lisbon",4,3,5,5,3,4,3,3,3,3,3,3,5,3,4,3,4,4,5,3,NA
7,1,162,"Rome",4,5,3,3,3,4,4,4,4,5,4,3,5,5,4,4,5,4,4,3,NA
7,2,163,"Barcelona",4,4,4,5,5,4,4,4,3,3,3,3,4,5,5,4,4,4,4,4,3
7,2,163,"Berlin",3,3,4,4,4,3,5,5,5,5,3,4,5,5,5,4,3,3,3,5,4
7,2,163,"Dublin",5,5,2,5,4,3,4,3,4,3,3,3,5,4,4,4,2,3,3,5,5
7,2,163,"Krakow",3,4,4,3,3,3,3,3,3,3,3,3,4,3,3,3,3,3,4,4,4
7,2,163,"Lisbon",4,3,4,4,4,3,3,3,3,3,3,4,4,3,3,3,3,3,3,4,4
7,2,163,"Rome",3,4,2,3,3,4,3,3,4,5,3,3,3,5,3,3,5,3,4,3,7
7,3,164,"Barcelona",5,5,4,5,5,5,4,5,4,4,3,4,4,3,5,4,3,2,5,2,7
7,3,164,"Berlin",3,5,4,4,5,4,4,4,5,5,2,4,5,4,5,3,3,3,4,5,6
7,3,164,"Dublin",4,4,3,4,3,3,3,4,4,4,4,4,4,4,4,3,3,3,4,5,7
7,3,164,"Krakow",4,4,3,3,4,4,3,4,4,4,3,3,4,3,4,3,3,3,4,4,7
7,3,164,"Lisbon",5,4,4,4,5,4,3,4,4,3,3,3,5,4,5,4,4,3,5,4,7
7,3,164,"Rome",3,5,3,4,5,4,3,5,5,5,3,3,4,5,4,3,5,3,5,3,7
7,4,165,"Barcelona",3,4,4,5,4,5,4,2,4,5,2,2,4,5,4,4,4,2,4,5,3
7,4,165,"Berlin",2,5,2,4,5,4,5,4,5,5,4,4,5,4,4,4,3,4,4,3,5
7,4,165,"Dublin",4,4,2,3,4,1,2,4,4,2,4,4,2,3,4,3,2,4,4,5,7
7,4,165,"Krakow",3,4,5,3,4,2,4,2,4,4,3,2,2,2,3,3,4,2,3,2,6
7,4,165,"Lisbon",4,4,4,3,2,4,4,3,4,4,4,2,5,2,4,4,3,2,4,4,2
7,4,165,"Rome",2,5,3,4,2,4,2,2,5,5,1,2,3,5,4,5,5,1,5,4,4
7,5,166,"Barcelona",3,5,4,4,2,4,3,4,4,4,4,4,2,4,4,4,5,4,5,1,6
7,5,166,"Berlin",2,5,5,5,5,2,4,2,5,4,2,5,5,4,5,4,2,4,2,4,1
7,5,166,"Dublin",4,2,2,2,5,1,4,2,2,2,5,2,4,4,5,2,1,4,4,5,6
7,5,166,"Krakow",2,5,5,2,2,3,3,4,4,4,3,3,2,2,4,2,5,4,5,2,4
7,5,166,"Lisbon",4,4,4,2,2,5,3,4,4,4,2,4,2,2,4,4,4,4,4,2,4
7,5,166,"Rome",4,5,4,2,2,5,4,4,4,5,2,4,4,4,4,4,5,4,5,2,4
7,6,167,"Barcelona",5,5,5,5,5,5,3,5,5,3,2,5,5,5,5,5,3,3,5,5,4
7,6,167,"Berlin",3,5,5,5,5,5,3,3,5,5,2,5,5,3,5,4,3,3,4,5,1
7,6,167,"Dublin",NA,NA,NA,NA,NA,NA,NA,NA,NA,NA,NA,NA,NA,NA,NA,NA,NA,NA,NA,NA,3
7,6,167,"Krakow",NA,NA,NA,NA,NA,NA,NA,NA,NA,NA,NA,NA,NA,NA,NA,NA,NA,NA,NA,NA,4
7,6,167,"Lisbon",NA,NA,NA,NA,NA,NA,NA,NA,NA,NA,NA,NA,NA,NA,NA,NA,NA,NA,NA,NA,1
7,6,167,"Rome",5,5,4,5,5,5,5,5,5,5,2,3,4,5,5,4,5,3,5,3,3
7,7,168,"Barcelona",4,5,4,5,5,3,3,5,5,3,4,3,2,5,4,5,3,1,4,2,3
7,7,168,"Berlin",5,5,5,5,5,1,4,5,5,5,2,4,5,4,3,3,2,4,3,5,NA
7,7,168,"Dublin",4,4,3,2,2,2,4,3,3,4,4,5,3,2,3,3,3,4,4,5,6
7,7,168,"Krakow",5,3,3,1,3,2,3,3,3,3,2,3,3,3,3,3,3,2,3,4,7
7,7,168,"Lisbon",4,4,3,2,2,4,2,2,2,2,3,3,4,3,3,4,4,3,4,3,5
7,7,168,"Rome",4,5,4,4,3,4,2,4,3,5,1,1,4,5,3,5,4,1,4,1,NA
7,8,169,"Barcelona",NA,NA,5,NA,NA,4,NA,NA,NA,NA,NA,3,5,NA,3,2,2,NA,4,2,3
7,8,169,"Berlin",3,3,3,3,3,4,3,4,3,4,1,1,NA,3,3,5,4,5,4,4,3
7,8,169,"Dublin",1,1,1,1,1,1,1,1,1,1,1,1,1,1,1,2,2,2,2,2,3
7,8,169,"Krakow",1,1,1,1,1,3,3,3,3,3,3,3,3,3,3,4,4,4,4,4,2
7,8,169,"Lisbon",5,5,5,5,5,5,5,5,5,5,5,5,5,5,5,5,5,5,5,5,2
7,8,169,"Rome",5,5,5,5,5,5,5,5,5,5,5,5,5,5,5,5,5,5,5,5,3
7,9,170,"Barcelona",4,4,3,4,4,3,5,4,4,4,5,4,4,4,4,3,2,4,4,5,6
7,9,170,"Berlin",4,4,5,5,5,4,5,3,4,5,2,4,5,3,5,2,2,3,3,5,3
7,9,170,"Dublin",3,4,2,3,2,4,4,2,3,3,4,4,3,3,4,2,3,4,4,5,3
7,9,170,"Krakow",4,4,5,3,3,4,4,3,3,3,2,3,3,2,4,3,3,4,4,4,7
7,9,170,"Lisbon",4,5,3,4,4,5,4,3,4,3,4,3,3,3,5,2,4,3,5,4,5
7,9,170,"Rome",5,5,3,4,2,5,4,4,4,5,5,4,4,5,4,2,4,4,5,4,5
7,10,171,"Barcelona",4,4,4,4,3,4,5,3,4,4,4,4,2,3,4,3,4,3,5,4,5
7,10,171,"Berlin",5,4,4,5,5,5,5,4,4,4,4,4,5,3,4,4,2,2,2,4,5
7,10,171,"Dublin",5,4,4,5,4,2,4,3,4,2,4,5,4,3,4,3,3,3,4,5,7
7,10,171,"Krakow",4,5,4,5,3,2,3,2,3,3,2,3,2,3,2,4,3,2,4,3,7
7,10,171,"Lisbon",4,4,4,4,3,4,4,3,4,3,2,3,2,3,4,3,4,2,4,3,4
7,10,171,"Rome",4,5,2,4,3,5,4,5,4,4,4,5,3,4,3,3,4,2,5,4,7
7,11,172,"Barcelona",5,4,4,4,3,3,5,4,4,4,3,5,4,5,4,4,4,2,4,4,3
7,11,172,"Berlin",4,3,4,5,4,4,5,4,3,5,4,5,5,4,4,3,4,5,3,5,5
7,11,172,"Dublin",2,4,2,3,3,3,3,3,4,3,3,3,3,3,3,3,3,3,3,5,6
7,11,172,"Krakow",4,4,5,4,2,4,3,2,3,3,2,3,2,4,3,2,2,2,3,2,4
7,11,172,"Lisbon",4,4,2,4,3,5,4,3,4,4,2,4,3,4,4,3,4,2,4,2,6
7,11,172,"Rome",4,5,2,5,4,5,4,4,5,5,2,4,3,5,4,4,5,3,5,3,4
7,12,173,"Barcelona",5,4,4,4,4,5,5,5,5,4,4,4,5,2,4,2,4,4,4,4,5
7,12,173,"Berlin",5,5,5,5,5,4,5,5,5,5,4,4,5,2,5,2,2,5,5,5,4
7,12,173,"Dublin",5,5,2,2,2,3,3,3,3,4,4,4,4,2,3,2,2,5,4,5,7
7,12,173,"Krakow",4,5,4,4,2,2,4,2,2,3,2,2,2,2,4,2,2,3,5,2,7
7,12,173,"Lisbon",5,5,4,5,5,4,3,3,3,4,4,4,4,2,4,2,4,4,4,2,6
7,12,173,"Rome",5,5,5,5,5,5,5,5,5,5,4,4,2,2,4,2,5,4,5,2,7
7,13,174,"Barcelona",4,5,2,5,5,5,5,4,5,5,2,4,4,5,4,4,5,2,4,2,7
7,13,174,"Berlin",2,5,5,5,5,5,5,4,5,5,2,4,5,3,4,5,5,2,4,4,3
7,13,174,"Dublin",5,5,2,4,5,4,4,4,5,5,4,5,4,5,5,4,5,2,4,5,7
7,13,174,"Krakow",5,5,5,5,3,3,3,4,5,4,3,4,2,1,4,3,4,2,5,2,5
7,13,174,"Lisbon",4,4,2,4,4,5,3,4,4,4,3,3,4,2,4,2,5,2,4,2,5
7,13,174,"Rome",2,5,2,4,5,5,2,4,5,5,2,2,2,5,5,4,5,2,5,2,6
7,14,175,"Barcelona",4,5,4,3,5,5,5,4,4,3,5,4,3,3,4,3,4,4,5,5,2
7,14,175,"Berlin",3,5,5,5,5,5,5,5,5,4,2,4,5,3,5,5,3,4,5,5,3
7,14,175,"Dublin",3,3,3,2,3,3,3,3,4,3,4,5,5,2,3,4,5,4,4,5,6
7,14,175,"Krakow",3,5,3,2,3,3,4,4,4,3,4,3,3,3,4,3,4,4,3,3,4
7,14,175,"Lisbon",4,4,3,3,4,4,4,4,4,5,5,4,3,3,4,3,5,4,4,5,5
7,14,175,"Rome",4,5,4,3,3,5,3,3,4,5,4,3,5,4,3,4,5,4,3,5,7
7,15,176,"Barcelona",4,3,3,3,4,5,4,4,3,3,4,3,4,2,4,2,4,4,4,4,5
7,15,176,"Berlin",3,5,4,4,5,2,4,4,4,4,3,3,4,3,4,4,2,4,NA,5,NA
7,15,176,"Dublin",3,3,4,2,2,2,4,2,3,3,3,4,2,2,3,3,2,3,2,5,6
7,15,176,"Krakow",3,4,4,2,2,4,3,2,4,4,3,2,3,3,2,3,3,4,4,3,4
7,15,176,"Lisbon",4,4,2,3,3,4,4,4,4,4,4,4,4,4,4,3,5,4,5,4,NA
7,15,176,"Rome",4,5,3,2,3,5,3,4,5,5,4,3,4,5,2,3,5,4,3,3,NA
7,16,177,"Barcelona",3,4,4,4,5,4,4,4,4,3,2,2,4,4,4,4,3,3,4,4,4
7,16,177,"Berlin",5,5,5,5,5,5,5,5,5,5,2,5,5,2,5,3,4,2,5,5,5
7,16,177,"Dublin",4,4,3,2,2,3,2,2,3,3,2,3,3,3,4,3,3,3,4,5,6
7,16,177,"Krakow",4,5,5,3,3,4,3,2,4,5,3,3,5,5,2,3,4,3,3,3,6
7,16,177,"Lisbon",4,4,4,4,4,4,3,4,4,4,2,2,4,3,4,4,4,3,4,3,5
7,16,177,"Rome",5,5,5,5,5,5,3,5,5,5,3,3,4,4,4,3,4,3,5,2,6
7,17,178,"Barcelona",4,4,4,4,4,5,4,3,3,3,4,3,4,2,4,3,4,4,4,3,7
7,17,178,"Berlin",4,5,5,5,5,4,5,5,5,5,4,4,4,3,4,3,4,4,4,4,1
7,17,178,"Dublin",4,4,3,4,3,2,3,3,4,4,4,4,3,3,3,3,3,3,4,5,5
7,17,178,"Krakow",3,3,3,3,3,3,3,3,3,3,3,3,3,3,3,3,3,3,3,3,3
7,17,178,"Lisbon",3,4,3,4,3,3,3,3,4,4,4,4,4,3,3,3,4,3,4,3,1
7,17,178,"Rome",4,5,4,4,4,5,4,4,5,5,4,3,4,4,4,3,4,2,4,3,3
7,18,179,"Barcelona",3,4,2,4,5,3,5,3,4,4,2,4,5,4,4,4,4,3,5,4,5
7,18,179,"Berlin",2,5,4,5,5,3,5,2,4,3,2,4,5,4,4,4,2,4,2,4,2
7,18,179,"Dublin",5,2,2,2,4,1,3,3,2,2,4,4,3,2,4,2,2,5,3,5,3
7,18,179,"Krakow",3,4,4,2,2,5,4,2,3,3,4,3,2,5,2,2,4,4,4,3,3
7,18,179,"Lisbon",3,4,4,3,4,4,4,3,3,4,3,4,3,2,4,4,5,4,5,3,2
7,18,179,"Rome",2,5,1,4,4,5,4,3,3,5,2,2,4,5,4,5,5,2,5,4,6
7,19,180,"Barcelona",5,5,4,5,5,4,5,3,4,5,4,5,5,4,5,4,5,3,5,5,4
7,19,180,"Berlin",4,5,5,5,5,4,5,5,5,5,3,5,5,4,5,4,3,4,4,5,3
7,19,180,"Dublin",4,4,2,3,4,3,4,3,5,4,4,4,4,3,4,3,3,4,4,5,7
7,19,180,"Krakow",3,4,4,2,3,3,4,3,4,4,3,4,2,3,3,2,3,4,4,3,3
7,19,180,"Lisbon",5,2,4,4,5,4,3,3,3,3,4,4,4,3,4,4,5,4,4,4,6
7,19,180,"Rome",4,4,1,3,3,5,3,3,5,4,3,3,4,5,3,4,5,4,4,4,4
7,20,181,"Barcelona",4,4,4,4,4,4,4,4,4,4,3,3,4,4,4,3,4,3,4,4,6
7,20,181,"Berlin",4,5,5,5,5,5,5,5,5,5,2,3,4,2,5,4,3,4,3,4,3
7,20,181,"Dublin",3,3,3,4,4,3,4,3,4,4,4,4,4,2,4,2,3,4,4,4,5
7,20,181,"Krakow",3,4,5,3,4,3,3,4,3,3,4,3,3,4,4,3,4,4,4,4,4
7,20,181,"Lisbon",4,4,4,4,4,4,4,4,4,3,3,4,4,3,4,3,4,3,4,3,4
7,20,181,"Rome",3,5,3,4,4,4,4,4,4,4,2,3,3,4,4,4,4,2,4,4,3
7,21,182,"Barcelona",3,2,4,4,5,5,5,5,3,3,2,4,4,1,5,4,4,4,4,2,5
7,21,182,"Berlin",2,2,5,5,5,4,5,4,4,3,2,4,5,1,5,2,3,4,4,5,2
7,21,182,"Dublin",5,4,2,4,4,2,2,2,2,4,4,4,3,3,4,2,4,4,4,5,5
7,21,182,"Krakow",4,2,2,2,3,3,4,4,2,2,4,4,2,4,5,4,1,2,2,2,6
7,21,182,"Lisbon",3,3,4,5,5,4,2,2,1,4,4,4,5,5,5,4,1,2,2,2,4
7,21,182,"Rome",4,NA,3,3,4,4,5,3,3,NA,4,NA,3,2,2,2,4,4,3,3,4
7,22,183,"Barcelona",4,4,4,4,4,4,4,4,4,5,3,4,4,3,4,4,4,3,5,4,7
7,22,183,"Berlin",4,4,4,4,5,4,4,5,4,4,3,4,5,3,4,3,3,3,4,4,4
7,22,183,"Dublin",3,4,2,4,4,3,4,3,3,3,3,3,4,3,3,3,3,3,4,5,2
7,22,183,"Krakow",4,4,4,3,3,3,4,4,4,4,3,3,3,3,4,3,4,3,4,3,5
7,22,183,"Lisbon",4,4,3,4,4,4,4,4,4,4,3,4,4,4,4,3,4,3,4,4,3
7,22,183,"Rome",4,5,3,3,3,4,4,4,5,5,3,3,3,4,4,3,5,3,5,4,3
7,23,184,"Barcelona",3,4,3,4,3,3,3,3,3,3,2,2,3,4,4,4,3,3,4,3,6
7,23,184,"Berlin",4,4,2,3,3,5,4,4,3,3,4,4,4,3,4,3,2,4,5,4,2
7,23,184,"Dublin",3,4,3,3,3,3,3,3,3,3,3,4,3,3,4,4,3,3,4,4,6
7,23,184,"Krakow",3,4,3,2,3,3,3,3,3,3,3,3,3,2,3,3,3,3,3,3,5
7,23,184,"Lisbon",3,4,3,2,3,3,3,3,3,3,3,3,3,3,3,3,4,3,3,3,3
7,23,184,"Rome",4,5,3,4,3,5,3,3,3,4,3,3,4,4,4,3,4,3,4,3,4
7,24,185,"Barcelona",4,4,4,4,5,4,4,5,4,4,2,2,5,5,5,5,4,1,4,2,6
7,24,185,"Berlin",2,4,4,4,3,4,4,2,4,5,4,5,5,5,4,4,2,4,4,5,4
7,24,185,"Dublin",4,4,2,2,4,4,2,2,4,4,4,4,2,2,4,2,4,4,4,4,5
7,24,185,"Krakow",2,4,4,2,3,2,2,2,4,4,4,4,2,2,3,3,4,3,4,1,7
7,24,185,"Lisbon",4,4,2,2,4,3,3,3,4,4,4,4,4,4,3,4,4,2,4,3,6
7,24,185,"Rome",4,5,2,2,3,NA,4,2,4,5,2,2,2,4,4,4,2,2,4,1,6
7,25,186,"Barcelona",4,3,3,2,5,4,4,4,3,2,4,2,2,2,4,4,4,4,4,4,5
7,25,186,"Berlin",2,2,3,4,4,4,4,4,4,2,2,2,4,4,3,4,2,3,2,4,3
7,25,186,"Dublin",4,2,3,2,4,4,4,4,3,2,4,4,2,2,4,4,2,4,4,4,7
7,25,186,"Krakow",4,4,3,2,2,4,4,4,4,2,4,3,3,2,4,4,2,3,4,4,7
7,25,186,"Lisbon",4,2,3,4,4,4,4,4,4,2,3,4,4,2,4,4,2,4,4,4,5
7,25,186,"Rome",4,4,3,3,4,4,4,4,4,2,2,4,4,4,4,4,4,4,4,4,3
8,1,187,"Amsterdam",3,4,4,5,4,4,4,3,4,4,3,3,4,3,3,3,3,4,4,3,6
8,1,187,"Berlin",4,4,4,4,4,4,4,4,4,5,3,4,4,3,4,2,4,4,4,4,5
8,1,187,"Istanbul",3,4,4,3,3,4,4,4,4,4,3,3,4,3,3,4,4,3,3,3,6
8,1,187,"Madrid",3,3,3,4,4,3,3,3,4,3,3,3,3,4,3,3,3,3,3,3,5
8,1,187,"StPetersburg",3,4,4,4,3,3,3,3,3,3,3,3,3,3,3,3,3,3,3,3,6
8,1,187,"Vienna",4,4,4,3,3,4,4,4,3,3,4,4,4,3,4,2,4,4,4,4,5
8,2,188,"Amsterdam",5,3,4,4,5,2,3,4,3,4,3,4,5,4,4,4,4,3,4,5,6
8,2,188,"Berlin",4,4,5,5,5,3,5,5,5,5,2,4,4,3,5,4,3,3,3,4,7
8,2,188,"Istanbul",4,4,4,5,4,5,3,4,4,4,3,3,4,4,5,4,4,3,4,5,6
8,2,188,"Madrid",4,4,4,5,5,4,3,4,4,4,3,3,4,5,4,4,4,2,4,2,6
8,2,188,"StPetersburg",3,4,3,2,3,4,3,4,4,5,3,3,3,2,4,3,4,3,4,3,6
8,2,188,"Vienna",4,5,4,3,4,4,4,4,5,5,4,4,4,4,5,2,4,3,4,5,5
8,3,189,"Amsterdam",5,5,5,5,3,4,4,4,4,3,3,4,4,5,5,4,4,4,4,5,4
8,3,189,"Berlin",5,5,3,4,4,3,5,4,5,5,4,4,4,5,4,4,3,3,3,4,7
8,3,189,"Istanbul",3,5,4,3,3,3,3,3,4,4,3,4,4,3,3,3,4,2,4,3,6
8,3,189,"Madrid",4,4,4,3,4,3,3,4,4,4,3,4,4,4,3,3,4,3,3,3,7
8,3,189,"StPetersburg",4,5,4,3,3,3,3,4,4,4,3,3,5,3,3,3,4,3,4,3,3
8,3,189,"Vienna",5,5,3,3,3,3,4,4,5,5,3,4,4,4,3,3,5,4,4,4,3
8,4,190,"Amsterdam",4,4,4,4,5,4,4,4,4,5,4,4,4,4,4,3,3,3,4,4,2
8,4,190,"Berlin",4,4,4,4,5,2,5,4,5,4,3,5,5,4,4,4,2,4,4,5,3
8,4,190,"Istanbul",3,3,3,3,3,3,3,3,3,3,3,3,3,3,3,3,3,3,3,3,2
8,4,190,"Madrid",4,4,4,5,5,4,5,5,4,4,4,4,4,3,4,4,4,4,4,1,2
8,4,190,"StPetersburg",3,3,3,3,3,3,3,3,3,3,3,3,3,3,3,3,3,3,3,3,3
8,4,190,"Vienna",4,4,4,4,4,4,3,4,4,4,4,4,4,4,4,4,4,4,4,4,2
8,5,191,"Amsterdam",4,4,3,3,3,2,3,3,4,4,3,3,4,4,4,4,3,2,3,5,5
8,5,191,"Berlin",4,3,3,3,3,3,2,3,4,4,3,4,4,2,4,4,3,3,3,4,7
8,5,191,"Istanbul",4,5,5,3,3,5,3,4,3,5,4,4,3,4,4,4,4,3,5,3,7
8,5,191,"Madrid",3,4,3,3,3,4,4,3,4,5,3,2,4,3,4,4,4,3,3,3,6
8,5,191,"StPetersburg",3,4,5,3,3,4,5,3,5,5,3,4,3,3,4,4,4,4,4,3,6
8,5,191,"Vienna",3,4,2,3,3,4,3,3,5,5,4,3,2,4,4,3,4,4,4,3,5
8,6,192,"Amsterdam",4,3,2,5,5,4,4,3,4,4,5,4,4,3,5,2,4,4,5,5,2
8,6,192,"Berlin",3,4,4,5,5,4,2,4,5,4,2,4,5,3,5,4,2,4,3,5,6
8,6,192,"Istanbul",4,3,4,5,4,4,2,3,4,4,2,2,4,3,4,4,3,2,4,3,6
8,6,192,"Madrid",4,5,4,4,5,4,4,5,4,4,3,4,4,3,4,4,4,2,5,2,5
8,6,192,"StPetersburg",3,2,3,2,3,3,4,3,2,4,3,2,2,2,3,3,2,4,3,4,7
8,6,192,"Vienna",3,4,2,2,1,4,4,3,3,4,4,3,2,3,2,2,4,4,4,3,4
8,7,193,"Amsterdam",5,5,4,4,5,3,3,4,5,5,4,4,5,3,5,3,4,4,5,5,NA
8,7,193,"Berlin",4,4,4,4,4,2,3,3,5,5,4,3,5,2,5,2,3,4,4,4,NA
8,7,193,"Istanbul",3,4,4,3,3,4,4,4,3,3,3,3,2,3,3,4,3,3,3,3,NA
8,7,193,"Madrid",5,5,4,4,5,4,4,4,5,4,4,4,4,3,4,3,4,4,5,4,NA
8,7,193,"StPetersburg",3,5,5,4,3,3,4,3,5,5,4,4,3,2,4,2,4,3,5,3,7
8,7,193,"Vienna",5,5,4,4,4,4,3,3,5,5,5,4,4,2,5,2,4,5,5,4,NA
8,8,194,"Amsterdam",5,4,2,3,4,4,5,5,3,4,3,2,4,4,4,2,4,5,4,5,4
8,8,194,"Berlin",4,4,3,5,5,5,5,5,4,5,2,3,5,4,3,4,3,3,4,5,3
8,8,194,"Istanbul",3,3,3,3,3,3,3,3,3,3,3,3,4,4,3,3,3,3,3,3,6
8,8,194,"Madrid",3,3,3,3,3,3,3,3,3,3,3,3,3,3,3,3,3,3,3,3,4
8,8,194,"StPetersburg",3,3,3,3,3,3,3,3,3,3,3,3,3,3,3,3,3,3,3,3,6
8,8,194,"Vienna",3,3,3,3,3,3,3,3,3,3,3,3,3,3,3,3,3,3,3,3,4
8,9,195,"Amsterdam",4,3,4,4,5,3,4,4,4,3,4,4,5,5,5,3,4,4,4,5,2
8,9,195,"Berlin",4,5,4,4,5,4,4,4,5,5,3,4,5,4,5,4,3,4,4,5,6
8,9,195,"Istanbul",4,4,4,3,3,4,4,4,4,4,3,4,3,3,4,4,3,4,4,2,6
8,9,195,"Madrid",4,4,4,5,4,5,4,5,4,4,4,4,3,3,4,2,3,5,5,4,6
8,9,195,"StPetersburg",3,4,3,2,3,3,3,4,4,4,4,3,3,2,3,4,3,3,4,4,5
8,9,195,"Vienna",4,5,4,3,4,4,4,4,5,5,4,4,3,3,4,3,4,4,4,4,4
8,10,196,"Amsterdam",4,4,4,4,5,3,5,3,4,4,3,4,4,4,4,4,3,4,4,4,6
8,10,196,"Berlin",5,5,4,5,4,4,5,4,4,4,4,4,5,3,4,3,3,4,2,4,6
8,10,196,"Istanbul",4,5,5,3,3,4,4,4,4,5,2,2,4,3,5,5,3,3,4,3,7
8,10,196,"Madrid",3,3,4,2,3,4,5,3,3,4,4,4,3,2,3,3,3,4,3,4,4
8,10,196,"StPetersburg",3,5,4,2,3,2,3,2,3,4,4,3,2,2,3,3,4,4,4,4,3
8,10,196,"Vienna",4,5,3,3,3,3,4,3,5,4,4,3,3,4,4,3,4,4,4,3,5
8,11,197,"Amsterdam",4,4,3,5,5,3,4,3,4,4,5,5,5,3,4,3,2,4,4,4,5
8,11,197,"Berlin",3,4,5,5,5,2,3,2,5,5,4,3,5,2,5,4,2,3,3,4,7
8,11,197,"Istanbul",4,5,5,4,4,5,2,4,4,5,3,2,4,3,5,4,4,3,5,3,7
8,11,197,"Madrid",4,5,4,4,4,4,3,3,5,5,3,3,3,3,4,4,4,3,4,3,5
8,11,197,"StPetersburg",4,5,5,5,5,3,4,3,5,5,3,4,3,2,5,3,5,3,5,2,4
8,11,197,"Vienna",4,4,3,3,3,4,3,3,4,4,4,4,4,3,4,3,4,4,4,4,5
8,12,198,"Amsterdam",4,3,3,5,5,4,5,4,5,5,3,3,4,3,5,3,4,4,4,4,3
8,12,198,"Berlin",4,3,5,5,5,4,5,4,4,4,4,4,4,4,5,4,3,3,3,5,4
8,12,198,"Istanbul",3,3,3,3,3,3,3,3,3,3,3,3,3,3,3,3,3,3,3,3,6
8,12,198,"Madrid",4,4,3,3,3,4,5,5,5,4,3,3,3,4,3,4,3,3,4,3,7
8,12,198,"StPetersburg",3,4,5,4,3,3,3,3,4,3,3,4,4,3,3,3,3,2,3,2,4
8,12,198,"Vienna",4,5,4,5,3,5,5,4,4,5,4,3,5,3,4,3,4,5,5,5,5
8,13,199,"Amsterdam",5,4,4,4,5,4,3,4,4,4,4,3,5,4,4,4,4,4,4,5,4
8,13,199,"Berlin",4,4,4,4,4,4,4,4,5,5,4,2,5,4,4,4,2,4,4,5,7
8,13,199,"Istanbul",4,4,4,4,4,4,3,4,4,4,3,3,3,3,4,4,4,3,4,4,7
8,13,199,"Madrid",4,4,3,4,4,5,3,4,4,4,3,3,4,4,4,4,4,4,4,4,7
8,13,199,"StPetersburg",4,5,5,3,3,4,3,3,4,3,3,3,3,3,4,3,4,3,4,4,7
8,13,199,"Vienna",4,4,1,4,4,4,3,3,5,4,4,4,4,4,4,3,2,4,4,4,7
8,14,200,"Amsterdam",4,3,4,4,5,3,4,4,4,3,3,3,4,4,4,4,3,3,4,4,4
8,14,200,"Berlin",2,4,5,4,5,4,5,5,5,5,1,1,5,4,5,5,1,2,3,3,5
8,14,200,"Istanbul",4,3,5,2,3,4,2,2,3,3,1,1,4,4,4,4,2,1,3,2,6
8,14,200,"Madrid",4,4,4,4,4,4,3,3,3,3,2,2,4,4,3,4,2,1,3,2,7
8,14,200,"StPetersburg",2,4,4,2,2,3,4,2,5,4,2,2,2,2,4,2,2,2,4,2,6
8,14,200,"Vienna",3,4,3,4,4,3,4,4,5,5,4,3,4,3,3,3,3,4,4,4,5
8,15,201,"Amsterdam",4,4,3,4,5,3,4,5,3,5,3,5,5,5,4,4,3,4,5,5,4
8,15,201,"Berlin",3,5,5,5,5,5,5,5,5,5,2,2,5,3,4,3,3,3,3,3,7
8,15,201,"Istanbul",3,3,3,3,3,3,3,3,3,3,3,3,3,3,3,3,3,3,3,3,7
8,15,201,"Madrid",4,4,4,4,4,4,4,4,4,3,2,4,4,4,4,2,2,3,5,3,5
8,15,201,"StPetersburg",3,3,3,3,3,3,3,3,3,3,2,2,2,2,2,3,3,3,3,3,6
8,15,201,"Vienna",3,3,3,3,3,3,3,3,3,3,3,3,3,3,3,3,3,3,3,3,5
8,16,202,"Amsterdam",4,4,4,5,5,2,4,4,5,4,2,4,4,4,5,4,2,4,4,4,3
8,16,202,"Berlin",4,5,5,5,5,4,5,5,4,4,2,2,4,4,4,4,2,4,4,4,4
8,16,202,"Istanbul",5,4,4,4,5,5,5,5,4,4,2,2,4,4,5,5,2,2,4,4,4
8,16,202,"Madrid",5,5,5,5,5,5,5,5,4,5,4,4,5,4,5,4,4,4,5,5,4
8,16,202,"StPetersburg",2,4,4,2,4,2,4,4,4,4,4,2,4,2,2,4,2,4,4,4,3
8,16,202,"Vienna",4,5,4,2,4,4,4,5,5,5,4,4,4,2,2,2,4,4,4,4,4
8,17,203,"Amsterdam",4,3,3,3,5,3,3,3,4,4,4,5,3,4,5,3,4,4,4,5,2
8,17,203,"Berlin",5,5,5,5,5,5,5,5,5,5,4,4,5,4,5,3,3,4,5,5,6
8,17,203,"Istanbul",3,4,4,3,4,4,3,3,3,4,3,3,4,3,4,4,3,2,4,3,7
8,17,203,"Madrid",3,4,5,5,4,5,4,5,4,4,3,3,4,3,4,3,4,3,4,3,4
8,17,203,"StPetersburg",3,4,4,3,3,2,3,3,4,3,3,3,3,3,3,3,3,3,3,3,6
8,17,203,"Vienna",4,5,3,4,4,3,3,3,3,4,3,3,3,3,3,3,4,4,4,3,3
8,18,204,"Amsterdam",4,4,4,3,4,3,4,3,4,3,4,4,4,3,4,2,3,4,4,4,5
8,18,204,"Berlin",4,5,5,5,5,5,4,4,5,5,2,3,5,3,5,4,3,3,3,5,5
8,18,204,"Istanbul",3,4,4,2,2,4,2,2,4,4,2,2,3,3,3,4,3,2,3,2,6
8,18,204,"Madrid",3,4,4,3,3,4,3,3,3,4,2,3,3,3,4,4,3,3,3,2,4
8,18,204,"StPetersburg",3,4,4,2,2,2,4,3,3,4,4,3,2,2,4,2,4,3,4,2,5
8,18,204,"Vienna",4,5,4,2,2,3,4,2,3,5,4,4,2,2,4,2,4,4,5,4,6
8,19,205,"Amsterdam",4,3,2,4,4,3,4,3,4,4,4,4,4,4,4,2,4,4,4,4,2
8,19,205,"Berlin",2,4,4,5,5,4,4,4,5,4,2,4,5,4,4,4,3,4,4,5,6
8,19,205,"Istanbul",4,4,4,4,4,4,2,4,4,3,3,3,4,3,4,4,3,2,4,3,5
8,19,205,"Madrid",4,3,2,3,4,4,4,3,4,4,3,3,4,4,3,4,3,3,3,3,7
8,19,205,"StPetersburg",4,5,2,4,4,3,4,4,5,4,4,4,2,2,4,4,4,2,5,2,6
8,19,205,"Vienna",4,4,2,4,3,4,4,4,4,5,4,4,4,3,4,3,4,4,4,4,2
8,20,206,"Amsterdam",5,5,1,5,5,1,4,5,5,5,3,3,5,5,5,5,5,3,5,5,6
8,20,206,"Berlin",5,5,1,5,5,4,4,2,5,5,2,5,5,5,5,5,5,5,5,4,4
8,20,206,"Istanbul",1,5,5,5,3,5,3,3,4,5,2,3,5,4,4,4,4,3,4,3,7
8,20,206,"Madrid",5,5,3,5,5,5,5,5,5,5,2,3,5,5,5,5,5,2,5,2,7
8,20,206,"StPetersburg",3,5,1,3,3,3,1,1,5,5,2,4,4,2,4,5,4,2,4,2,6
8,20,206,"Vienna",NA,NA,NA,NA,NA,NA,NA,NA,NA,NA,NA,NA,NA,NA,NA,NA,NA,NA,NA,NA,2
8,21,207,"Amsterdam",4,2,4,5,5,2,4,3,2,4,5,5,5,4,5,3,4,2,5,5,3
8,21,207,"Berlin",4,5,5,5,5,4,4,4,5,5,4,5,5,5,5,4,4,2,4,4,6
8,21,207,"Istanbul",2,5,5,4,3,4,3,5,4,4,2,4,4,5,5,5,4,2,5,4,7
8,21,207,"Madrid",4,2,1,5,5,4,4,5,5,3,5,4,3,5,5,5,4,5,4,4,4
8,21,207,"StPetersburg",2,4,2,2,2,3,2,2,4,4,3,3,2,4,4,4,4,4,4,3,6
8,21,207,"Vienna",4,4,3,4,3,5,5,4,5,5,4,5,4,4,4,4,5,4,5,4,5
8,22,208,"Amsterdam",4,5,3,5,5,5,4,5,5,4,4,3,4,4,5,3,4,3,5,5,4
8,22,208,"Berlin",4,4,4,5,5,4,4,4,5,4,2,3,5,3,5,4,3,3,4,5,7
8,22,208,"Istanbul",3,3,3,3,3,3,3,3,3,3,3,2,2,3,3,4,3,3,4,3,6
8,22,208,"Madrid",4,5,5,5,4,5,4,4,5,4,3,3,4,3,5,3,3,3,4,2,4
8,22,208,"StPetersburg",3,5,4,3,3,4,3,3,3,4,3,3,2,3,4,3,5,3,4,2,6
8,22,208,"Vienna",3,3,3,3,3,3,3,3,3,3,3,3,3,3,3,3,3,3,3,3,NA
8,23,209,"Amsterdam",5,5,5,5,5,5,5,5,5,5,5,5,5,5,5,2,5,5,5,5,1
8,23,209,"Berlin",5,5,5,5,5,5,5,5,5,5,5,5,5,5,5,5,5,5,5,5,4
8,23,209,"Istanbul",3,5,5,5,NA,5,5,5,5,5,5,5,5,2,5,2,5,5,5,5,4
8,23,209,"Madrid",5,5,5,5,5,5,5,5,5,5,4,4,4,4,4,3,5,5,5,4,4
8,23,209,"StPetersburg",4,5,4,4,4,5,5,5,5,5,2,3,5,2,5,2,5,3,5,5,4
8,23,209,"Vienna",5,5,5,5,5,5,5,5,5,5,5,5,5,5,5,5,5,5,5,5,1
8,24,210,"Amsterdam",4,3,2,4,4,4,4,3,4,4,3,4,5,5,5,4,5,4,4,5,4
8,24,210,"Berlin",3,5,4,5,5,5,5,4,5,5,3,4,5,5,4,4,3,4,4,5,2
8,24,210,"Istanbul",3,4,4,3,4,4,3,3,4,3,3,2,4,3,3,5,3,3,4,3,2
8,24,210,"Madrid",4,3,3,4,4,4,4,4,4,4,4,3,4,4,4,4,3,4,4,3,1
8,24,210,"StPetersburg",2,5,3,2,2,4,4,3,5,5,2,3,2,4,3,5,3,3,4,3,2
8,24,210,"Vienna",3,4,3,3,3,4,4,3,5,5,5,5,4,5,4,3,5,5,5,4,2
8,25,211,"Amsterdam",5,4,4,3,4,4,3,4,3,3,3,3,4,4,3,3,4,3,3,4,1
8,25,211,"Berlin",5,5,5,5,5,5,5,5,5,5,4,4,4,4,4,4,5,5,5,5,2
8,25,211,"Istanbul",2,2,4,2,2,4,3,2,2,1,2,2,1,2,1,5,2,1,2,1,1
8,25,211,"Madrid",2,4,4,3,4,4,3,4,4,4,4,3,4,4,4,4,5,4,5,5,3
8,25,211,"StPetersburg",5,5,4,5,5,5,4,5,5,5,4,5,5,5,5,1,5,5,5,3,2
8,25,211,"Vienna",4,4,4,4,4,5,4,5,5,5,5,5,4,5,5,2,4,5,4,4,1
8,26,212,"Amsterdam",5,5,3,4,4,4,5,4,5,5,4,5,5,5,4,4,4,4,4,5,2
8,26,212,"Berlin",4,4,5,4,4,4,4,2,NA,NA,2,4,4,3,4,4,2,4,4,4,5
8,26,212,"Istanbul",2,4,4,4,4,4,2,3,4,4,2,2,4,4,4,5,3,2,4,3,4
8,26,212,"Madrid",4,4,3,3,4,4,4,4,4,4,3,4,4,2,4,2,2,4,4,3,5
8,26,212,"StPetersburg",2,3,4,2,2,3,3,3,4,5,2,2,2,2,4,4,3,2,4,2,5
8,26,212,"Vienna",4,5,1,2,3,4,4,4,4,5,4,4,4,4,4,3,4,4,4,4,6
8,27,213,"Amsterdam",4,4,4,4,4,5,5,4,5,4,4,5,4,5,4,2,5,5,5,5,NA
8,27,213,"Berlin",1,4,3,2,2,2,5,4,2,4,4,3,NA,1,3,1,1,5,3,4,4
8,27,213,"Istanbul",2,4,3,2,1,4,3,4,3,4,4,3,4,3,3,2,NA,1,NA,2,4
8,27,213,"StPetersburg",4,3,4,2,4,4,3,4,3,3,4,3,2,2,2,3,2,2,5,1,5
8,27,213,"Vienna",NA,NA,NA,NA,NA,NA,4,2,NA,NA,1,2,NA,NA,NA,NA,NA,NA,NA,NA,NA
8,28,214,"Amsterdam",5,5,2,5,5,4,5,4,5,5,5,5,5,3,5,3,5,5,5,5,6
8,28,214,"Berlin",5,5,5,5,5,4,5,4,4,4,3,5,5,3,5,4,3,5,5,5,6
8,28,214,"Istanbul",NA,NA,NA,NA,NA,NA,NA,NA,NA,NA,NA,NA,NA,NA,NA,NA,NA,NA,NA,NA,2
8,28,214,"Madrid",NA,NA,NA,NA,NA,NA,NA,NA,NA,NA,NA,NA,NA,NA,NA,NA,NA,NA,NA,NA,6
8,28,214,"StPetersburg",4,4,3,4,3,3,3,3,3,3,3,3,3,3,4,3,3,3,3,3,6
8,28,214,"Vienna",3,5,2,4,3,3,5,4,4,5,5,5,5,2,4,3,5,5,5,5,5
8,29,215,"Amsterdam",5,5,4,4,4,4,5,4,5,5,5,5,5,4,5,2,5,5,5,5,3
8,29,215,"Berlin",5,5,5,5,5,4,5,5,5,5,5,5,5,2,5,2,2,5,5,4,3
8,29,215,"Istanbul",4,4,4,4,4,5,4,5,5,5,2,2,2,4,4,5,4,2,5,2,3
8,29,215,"Madrid",5,5,5,5,5,5,2,5,5,5,5,2,5,5,4,5,2,5,5,5,3
8,29,215,"StPetersburg",4,4,4,3,2,2,2,3,4,5,4,2,4,5,5,2,2,2,3,2,3
8,29,215,"Vienna",5,5,5,5,2,4,5,2,5,5,5,5,5,4,5,2,4,5,5,4,3
8,30,216,"Amsterdam",NA,NA,NA,NA,NA,NA,NA,NA,NA,NA,NA,NA,NA,NA,NA,NA,NA,NA,NA,NA,3
8,30,216,"Berlin",4,5,4,4,4,4,4,4,4,4,4,4,4,4,4,5,4,4,4,4,6
8,30,216,"Istanbul",NA,NA,NA,NA,NA,NA,NA,NA,NA,NA,NA,NA,NA,NA,NA,NA,NA,NA,NA,NA,2
8,30,216,"Madrid",NA,NA,NA,NA,NA,NA,NA,NA,NA,NA,NA,NA,NA,NA,NA,NA,NA,NA,NA,NA,6
8,30,216,"StPetersburg",3,5,4,4,4,2,2,2,4,5,2,3,3,3,3,2,4,3,4,2,4
8,30,216,"Vienna",NA,NA,NA,NA,NA,4,4,3,4,4,4,5,4,4,4,2,4,4,4,5,4
8,31,217,"Amsterdam",4,2,4,4,5,3,3,4,2,2,2,3,4,5,4,4,2,3,3,5,2
8,31,217,"Berlin",4,5,5,5,5,5,5,5,4,5,3,4,5,5,5,4,2,2,4,5,7
8,31,217,"Istanbul",5,5,5,5,5,5,5,5,5,5,3,5,5,4,5,4,4,4,5,5,6
8,31,217,"Madrid",3,4,2,4,4,3,4,5,3,3,2,3,4,5,4,4,4,3,4,4,4
8,31,217,"StPetersburg",2,3,4,4,2,2,3,4,3,3,3,3,2,2,3,3,4,4,3,2,3
8,31,217,"Vienna",4,4,4,4,3,4,3,3,3,4,4,3,3,3,4,3,5,4,4,4,2
8,32,218,"Amsterdam",5,5,4,4,5,3,5,4,5,5,5,5,5,5,4,5,5,4,4,5,2
8,32,218,"Berlin",5,4,5,5,5,5,5,5,5,5,3,5,5,5,5,5,3,3,3,5,7
8,32,218,"Istanbul",3,4,4,4,2,5,3,4,3,4,3,4,4,4,4,5,4,5,4,3,4
8,32,218,"Madrid",4,4,4,4,4,4,4,4,4,4,4,4,4,4,4,4,4,4,4,4,6
8,32,218,"StPetersburg",3,4,4,2,2,2,2,2,2,5,3,2,3,3,4,3,5,2,4,3,3
8,32,218,"Vienna",5,5,2,3,3,4,5,4,5,5,5,5,5,5,5,4,5,5,5,5,5
8,33,219,"Amsterdam",4,3,4,5,4,3,3,4,4,4,3,3,4,3,5,3,4,4,4,5,4
8,33,219,"Berlin",5,5,5,5,5,4,5,5,5,5,4,5,5,5,5,4,4,4,5,5,7
8,33,219,"Istanbul",4,4,4,4,5,4,3,3,3,3,3,3,3,4,4,3,4,2,4,4,6
8,33,219,"Madrid",4,4,4,4,4,4,3,5,4,4,3,3,4,3,5,3,4,4,4,4,7
8,33,219,"StPetersburg",4,5,3,4,3,3,3,3,4,4,3,3,3,3,3,3,4,4,4,4,4
8,33,219,"Vienna",4,5,3,4,4,4,4,4,4,4,5,4,4,3,4,3,5,5,5,5,6
9,1,220,"Budapest",4,5,5,4,5,4,4,4,3,3,4,5,4,3,5,2,3,4,5,4,6
9,1,220,"Krakow",4,5,4,4,4,4,4,3,3,4,4,4,4,3,4,3,2,4,4,4,3
9,1,220,"Lisbon",3,4,3,3,3,4,3,3,3,3,4,4,3,3,4,2,4,4,5,4,6
9,1,220,"Madrid",3,4,3,4,3,5,3,4,4,4,3,3,3,3,3,3,3,3,4,4,4
9,1,220,"Rome",3,5,3,4,4,4,3,4,4,5,2,3,3,3,4,4,4,3,5,4,4
9,1,220,"StPetersburg",3,4,4,3,3,2,3,3,3,3,3,3,3,3,3,3,3,3,3,2,4
9,2,221,"Budapest",NA,NA,NA,NA,NA,NA,NA,NA,NA,NA,NA,NA,NA,NA,NA,NA,NA,NA,NA,NA,7
9,2,221,"Krakow",NA,NA,NA,NA,NA,NA,NA,NA,NA,NA,NA,NA,NA,NA,NA,NA,NA,NA,NA,NA,1
9,2,221,"Lisbon",NA,NA,NA,NA,NA,NA,NA,NA,NA,NA,NA,NA,NA,NA,NA,NA,NA,NA,NA,NA,7
9,2,221,"Madrid",NA,NA,NA,NA,NA,NA,NA,NA,NA,NA,NA,NA,NA,NA,NA,NA,NA,NA,NA,NA,4
9,2,221,"Rome",5,5,5,5,3,5,4,3,5,5,3,3,5,4,5,2,5,4,5,3,7
9,2,221,"StPetersburg",NA,NA,NA,NA,NA,NA,NA,NA,NA,NA,NA,NA,NA,NA,NA,NA,NA,NA,NA,NA,4
9,3,222,"Budapest",5,5,5,5,5,3,3,5,4,3,3,4,3,4,4,4,4,4,4,4,4
9,3,222,"Krakow",5,5,5,4,3,5,4,3,3,3,4,3,3,4,3,4,4,4,4,3,3
9,3,222,"Lisbon",5,5,5,5,5,5,5,4,5,5,5,4,5,5,5,5,4,5,5,5,4
9,3,222,"Madrid",5,4,5,5,5,5,5,5,4,5,2,5,4,5,4,5,5,2,5,3,4
9,3,222,"Rome",5,5,4,5,5,5,4,5,5,5,2,3,4,4,5,5,4,3,5,2,4
9,3,222,"StPetersburg",5,5,5,5,5,5,5,5,5,5,5,5,5,5,5,5,5,3,5,5,3
9,4,223,"Budapest",5,5,5,5,5,3,5,4,4,4,2,2,4,3,5,4,4,3,5,5,6
9,4,223,"Krakow",4,4,5,5,3,2,4,3,3,3,2,3,4,2,5,3,2,3,5,4,3
9,4,223,"Lisbon",4,5,5,5,4,4,4,4,4,3,2,4,4,3,4,4,4,4,5,5,7
9,4,223,"Madrid",4,5,3,3,4,4,4,4,4,4,4,4,5,4,4,3,3,3,4,5,7
9,4,223,"Rome",4,5,4,3,3,5,3,4,5,5,2,3,4,5,4,4,4,3,5,5,6
9,4,223,"StPetersburg",3,4,5,4,3,3,3,4,4,4,4,3,4,3,4,4,3,2,4,2,5
9,5,224,"Budapest",5,5,5,3,4,5,5,3,4,5,5,5,5,3,5,2,5,5,5,4,7
9,5,224,"Krakow",5,2,5,3,4,5,5,5,4,3,4,4,4,1,5,2,4,5,5,5,5
9,5,224,"Lisbon",5,4,4,2,4,3,3,2,4,4,3,4,5,2,5,3,4,4,5,5,7
9,5,224,"Madrid",5,5,3,5,5,4,3,2,5,5,5,5,5,3,5,4,4,3,5,5,3
9,5,224,"Rome",4,5,3,2,3,5,2,1,5,5,3,3,4,5,5,4,5,5,5,5,7
9,5,224,"StPetersburg",4,5,3,5,5,5,3,2,5,5,5,4,5,4,5,4,5,4,5,5,2
9,6,225,"Budapest",4,3,4,2,4,4,3,3,4,4,3,2,4,2,4,4,3,2,3,4,7
9,6,225,"Krakow",4,3,4,2,2,3,4,4,4,4,3,4,2,2,3,2,4,4,5,4,3
9,6,225,"Lisbon",4,4,4,3,4,5,4,4,4,4,3,4,4,2,4,2,3,4,4,4,7
9,6,225,"Madrid",4,4,4,5,5,5,3,5,4,4,3,3,4,3,4,2,3,4,4,5,6
9,6,225,"Rome",4,5,4,3,3,5,4,4,5,5,3,3,2,4,3,3,4,4,5,4,7
9,6,225,"StPetersburg",4,4,3,2,3,3,3,4,3,3,2,2,2,2,3,4,2,2,4,4,5
9,7,226,"Budapest",5,5,5,5,5,4,4,4,5,3,4,2,4,1,5,2,5,3,5,4,2
9,7,226,"Krakow",3,4,3,3,3,3,3,3,3,3,3,3,3,3,3,3,3,3,3,3,3
9,7,226,"Lisbon",4,5,4,4,4,4,4,3,4,NA,4,4,4,2,4,2,4,4,5,4,7
9,7,226,"Madrid",3,4,2,4,3,3,3,4,3,3,3,3,3,4,3,3,4,3,3,3,5
9,7,226,"Rome",3,5,4,4,3,4,2,3,3,3,4,2,4,2,3,2,4,3,4,4,5
9,7,226,"StPetersburg",4,5,4,4,3,2,4,3,5,5,2,4,2,2,4,2,5,3,5,3,5
9,8,227,"Budapest",4,4,4,4,4,4,3,3,4,4,3,3,4,3,4,3,3,4,4,4,4
9,8,227,"Krakow",4,4,5,4,3,3,3,3,4,4,3,3,4,2,4,3,3,4,4,4,3
9,8,227,"Lisbon",4,4,4,4,4,5,3,4,4,4,3,3,4,3,4,3,3,4,4,3,5
9,8,227,"Madrid",3,3,3,3,4,4,3,4,4,4,3,4,4,2,4,3,3,5,4,3,5
9,8,227,"Rome",3,5,4,3,3,4,4,3,4,5,3,3,4,5,3,3,2,4,4,3,6
9,8,227,"StPetersburg",4,4,3,3,4,3,3,4,5,5,3,3,3,2,4,3,2,4,4,3,3
9,9,228,"Budapest",4,4,4,3,2,3,3,3,4,3,4,3,4,2,3,2,2,2,3,4,6
9,9,228,"Krakow",3,3,3,3,3,3,3,3,3,3,3,3,3,3,3,3,3,3,3,3,4
9,9,228,"Lisbon",3,3,3,3,3,3,3,3,3,3,3,3,3,3,3,3,3,3,3,3,7
9,9,228,"Madrid",3,3,3,3,3,3,3,3,3,3,3,3,3,3,3,3,3,3,3,3,6
9,9,228,"Rome",4,4,4,3,3,5,3,4,5,5,2,3,3,3,4,4,4,2,3,2,5
9,9,228,"StPetersburg",3,3,3,3,3,3,3,3,3,3,3,3,3,3,3,3,3,3,3,3,4
9,10,229,"Budapest",3,4,4,4,3,4,4,4,3,4,2,2,4,3,4,4,4,3,4,3,6
9,10,229,"Krakow",3,4,5,3,3,4,3,4,2,2,2,2,3,2,3,4,2,3,2,2,4
9,10,229,"Lisbon",4,3,2,3,3,4,3,3,3,3,4,3,4,2,3,3,4,4,3,3,7
9,10,229,"Madrid",4,4,2,3,3,4,4,4,4,4,4,3,4,4,3,3,4,4,4,4,7
9,10,229,"Rome",4,5,2,1,2,4,3,4,4,5,4,2,4,5,2,4,4,4,4,4,5
9,10,229,"StPetersburg",3,5,4,4,4,4,3,4,4,4,2,3,3,3,3,4,4,3,4,2,5
9,11,230,"Budapest",4,5,5,5,5,5,4,4,5,5,4,5,4,5,4,4,4,2,5,5,7
9,11,230,"Krakow",4,4,5,4,5,2,5,2,5,5,3,5,5,2,4,2,4,2,4,3,7
9,11,230,"Lisbon",5,5,3,4,5,5,5,5,5,5,5,5,5,5,5,5,5,4,5,5,5
9,11,230,"Madrid",5,5,4,5,5,5,5,5,5,5,4,3,5,5,4,4,4,4,5,5,6
9,11,230,"Rome",4,5,4,4,5,5,5,5,5,5,4,2,5,4,4,4,4,4,5,4,6
9,11,230,"StPetersburg",4,5,4,4,5,5,4,4,5,5,4,5,2,4,4,2,5,2,5,2,5
9,12,231,"Budapest",4,4,5,4,4,4,4,4,4,4,4,4,5,2,5,2,4,4,5,4,2
9,12,231,"Krakow",4,4,5,4,4,3,4,4,4,3,3,3,3,3,3,3,3,3,3,3,2
9,12,231,"Lisbon",4,4,4,4,4,4,4,4,4,4,4,4,4,4,4,2,4,3,4,4,4
9,12,231,"Madrid",3,3,3,3,3,3,3,3,3,3,3,3,3,3,3,3,3,3,3,3,6
9,12,231,"Rome",2,5,4,4,3,4,3,4,4,5,4,4,5,5,3,4,4,2,5,4,5
9,12,231,"StPetersburg",3,4,2,4,3,3,3,3,3,3,3,3,3,3,3,3,4,3,4,3,3
9,13,232,"Budapest",3,4,4,4,3,4,3,2,3,3,3,3,2,2,4,3,2,2,3,2,5
9,13,232,"Krakow",4,4,4,3,3,2,3,2,2,3,3,3,2,2,3,3,3,3,3,2,6
9,13,232,"Lisbon",4,2,3,2,3,4,3,2,3,3,3,3,2,2,3,3,2,3,3,1,7
9,13,232,"Madrid",4,4,4,2,3,5,3,2,4,4,2,1,2,3,3,4,2,3,2,1,7
9,13,232,"Rome",5,5,3,2,2,5,4,4,5,5,2,2,3,5,4,4,5,3,5,1,5
9,13,232,"StPetersburg",2,4,3,2,3,2,4,3,3,3,3,3,2,2,3,3,2,3,3,1,5
9,14,233,"Budapest",5,5,5,2,4,5,5,4,4,4,4,4,4,3,4,2,4,4,5,4,7
9,14,233,"Krakow",2,4,5,3,2,4,4,4,3,2,3,2,2,2,1,2,2,4,4,2,5
9,14,233,"Lisbon",5,5,5,4,5,5,4,2,4,4,2,2,4,2,4,4,4,3,4,2,6
9,14,233,"Madrid",4,2,4,3,4,4,3,2,2,2,4,2,4,4,4,4,2,2,3,3,5
9,14,233,"Rome",4,5,3,2,3,5,4,2,4,4,1,2,4,5,2,5,4,2,4,2,4
9,14,233,"StPetersburg",2,5,2,3,4,4,4,2,5,5,4,3,3,4,2,2,4,4,4,2,4
9,15,234,"Budapest",4,5,5,5,5,2,5,3,5,4,4,4,5,3,5,2,5,5,5,4,5
9,15,234,"Krakow",4,5,4,5,3,2,3,4,4,2,4,2,3,2,4,2,4,5,5,3,5
9,15,234,"Lisbon",5,5,4,5,5,5,4,3,5,4,4,5,4,4,5,2,5,4,5,4,6
9,15,234,"Madrid",2,3,3,4,4,5,4,2,2,4,4,3,4,2,4,2,2,4,3,3,6
9,15,234,"Rome",2,5,2,3,3,5,4,4,4,4,4,3,5,4,4,2,4,4,5,4,7
9,15,234,"StPetersburg",2,5,1,4,3,1,4,1,5,5,4,3,4,4,3,2,4,3,5,3,2
9,16,235,"Budapest",2,4,5,3,1,3,3,2,5,4,4,3,1,2,3,3,1,2,5,3,1
9,16,235,"Krakow",4,4,4,2,3,4,4,4,4,4,4,3,3,2,3,3,4,3,5,2,5
9,16,235,"Lisbon",4,4,3,4,4,4,3,3,5,5,3,2,3,4,4,4,3,3,5,2,4
9,16,235,"Madrid",3,4,2,4,5,4,4,4,4,4,2,4,4,5,3,5,4,2,4,3,5
9,16,235,"Rome",2,5,4,3,4,4,2,3,4,4,2,2,4,5,3,4,3,2,5,2,2
9,16,235,"StPetersburg",2,5,3,2,2,3,3,4,5,5,5,3,2,3,4,2,5,2,5,2,2
9,17,236,"Budapest",4,4,5,4,4,4,4,3,4,4,4,3,3,4,4,3,4,4,4,3,5
9,17,236,"Krakow",3,4,5,3,4,4,3,3,3,4,3,3,2,2,4,3,2,3,4,3,6
9,17,236,"Lisbon",4,4,4,4,4,4,4,3,4,4,4,3,4,3,5,4,4,3,4,4,7
9,17,236,"Madrid",4,4,4,3,3,5,5,4,4,5,4,2,4,4,4,4,4,3,4,3,5
9,17,236,"Rome",3,4,4,3,3,3,3,3,4,5,3,3,4,4,3,4,4,4,4,3,5
9,17,236,"StPetersburg",3,5,4,3,3,3,3,3,3,5,3,3,4,3,4,3,5,3,5,2,6
9,18,237,"Budapest",4,4,4,4,4,4,4,4,4,4,5,4,4,5,5,4,5,5,5,5,5
9,18,237,"Krakow",4,5,5,5,4,4,4,3,3,3,3,3,4,4,4,3,4,4,4,4,2
9,18,237,"Lisbon",5,5,3,5,5,5,3,5,5,4,5,5,5,5,5,3,5,5,5,5,2
9,18,237,"Madrid",4,5,3,5,5,4,3,4,5,5,4,4,4,5,5,3,4,4,5,5,1
9,18,237,"Rome",4,5,3,3,4,4,5,3,5,5,2,3,5,5,4,3,4,4,5,5,6
9,18,237,"StPetersburg",4,5,3,4,5,5,3,5,5,5,5,5,5,4,5,3,5,4,5,5,1
9,19,238,"Budapest",NA,NA,NA,NA,NA,NA,NA,NA,NA,NA,NA,NA,NA,NA,NA,NA,NA,NA,NA,NA,2
9,19,238,"Krakow",5,4,5,5,5,4,5,3,3,2,4,4,3,3,5,3,3,4,5,3,5
9,19,238,"Lisbon",5,5,4,3,2,5,4,2,5,3,4,3,2,2,4,3,4,4,5,4,6
9,19,238,"Madrid",3,4,3,3,4,5,5,3,5,5,4,4,4,4,5,3,3,3,5,3,3
9,19,238,"Rome",3,5,3,3,2,5,5,2,4,5,3,3,2,5,4,4,4,3,5,3,6
9,19,238,"StPetersburg",3,4,3,3,3,3,5,2,4,5,5,4,4,4,4,3,4,4,5,2,3
9,20,239,"Budapest",3,5,5,5,4,4,3,3,5,5,2,2,4,4,3,5,4,2,5,4,5
9,20,239,"Krakow",3,3,3,3,3,3,3,3,3,3,3,3,3,3,3,3,3,3,3,3,5
9,20,239,"Lisbon",3,5,3,3,3,3,3,3,5,5,4,3,4,4,3,3,3,3,3,3,7
9,20,239,"Madrid",3,4,4,4,3,5,4,4,5,5,2,3,4,4,4,5,4,2,4,3,3
9,20,239,"Rome",4,5,2,2,3,5,5,3,5,5,3,3,3,5,3,4,4,2,5,3,6
9,20,239,"StPetersburg",4,5,4,4,4,4,4,4,5,5,4,4,5,4,4,4,4,4,5,4,6
9,21,240,"Budapest",3,4,4,3,3,2,3,3,4,3,4,4,3,2,3,3,4,3,5,3,6
9,21,240,"Krakow",3,5,4,2,2,3,3,2,4,4,4,4,3,2,3,2,3,3,5,3,5
9,21,240,"Lisbon",3,3,4,3,3,3,3,3,4,4,3,4,4,2,3,3,3,3,4,3,6
9,21,240,"Madrid",4,4,4,4,4,4,3,4,4,3,3,3,4,4,4,4,3,3,4,3,6
9,21,240,"Rome",3,5,4,4,3,5,3,3,4,4,3,3,4,4,4,4,4,2,5,3,5
9,21,240,"StPetersburg",3,5,3,3,3,3,3,3,4,3,4,4,3,3,3,3,4,3,4,3,5
9,22,241,"Budapest",3,5,4,2,4,4,3,4,4,3,2,3,4,2,3,4,3,2,4,3,5
9,22,241,"Krakow",4,4,4,3,3,3,3,4,3,4,4,3,4,2,3,3,2,3,3,2,2
9,22,241,"Lisbon",4,4,3,3,3,3,4,4,4,4,4,4,4,2,3,3,3,4,4,4,6
9,22,241,"Madrid",4,5,5,4,4,4,4,5,4,4,3,3,5,3,4,4,5,4,4,4,4
9,22,241,"Rome",4,5,4,4,3,4,3,4,4,5,3,4,4,2,4,3,5,4,4,4,3
9,22,241,"StPetersburg",3,5,5,4,4,3,4,4,4,3,2,2,4,2,4,3,4,3,4,3,3
10,1,242,"Barcelona",2,4,4,4,5,5,5,4,4,4,3,4,4,5,5,4,4,4,4,4,6
10,1,242,"Budapest",4,4,4,4,4,4,4,4,4,4,4,4,4,4,4,3,3,2,3,3,6
10,1,242,"Dublin",5,5,2,2,4,5,4,4,4,4,4,3,4,4,4,4,3,4,3,5,4
10,1,242,"Istanbul",4,4,4,4,4,4,4,4,4,4,3,3,4,3,4,4,3,2,4,3,7
10,1,242,"StPetersburg",2,5,4,NA,NA,2,3,3,4,4,3,3,2,2,3,3,2,3,2,2,7
10,1,242,"Vienna",4,5,3,3,3,5,3,4,5,5,4,4,4,4,4,3,4,3,5,3,6
10,2,243,"Barcelona",4,3,3,5,5,4,3,4,3,4,3,3,3,4,4,3,3,4,4,3,4
10,2,243,"Budapest",4,4,4,3,3,4,2,2,2,2,2,3,2,2,4,3,2,4,4,3,3
10,2,243,"Dublin",4,4,4,2,2,2,3,2,2,3,3,4,2,2,3,3,2,4,2,5,7
10,2,243,"Istanbul",2,5,4,3,4,4,1,2,4,3,1,2,4,2,4,5,4,2,4,2,4
10,2,243,"StPetersburg",2,4,3,2,3,3,3,2,2,4,3,4,2,2,4,3,4,3,4,2,3
10,2,243,"Vienna",3,1,3,2,3,4,4,4,3,3,3,4,4,2,4,2,3,4,4,3,5
10,3,244,"Barcelona",4,4,4,4,4,4,4,4,4,4,4,4,4,3,4,3,4,4,4,3,7
10,3,244,"Budapest",2,NA,NA,NA,NA,NA,NA,NA,NA,NA,2,NA,NA,NA,NA,NA,NA,2,NA,1,7
10,3,244,"Dublin",NA,NA,NA,NA,NA,NA,NA,NA,NA,NA,NA,NA,NA,NA,NA,NA,NA,NA,NA,NA,7
10,3,244,"Istanbul",NA,NA,NA,NA,NA,NA,NA,NA,NA,NA,NA,NA,NA,NA,NA,NA,NA,NA,NA,NA,7
10,3,244,"StPetersburg",NA,NA,NA,NA,NA,NA,NA,NA,NA,NA,NA,NA,NA,NA,NA,NA,NA,NA,NA,NA,7
10,3,244,"Vienna",4,4,4,4,4,4,4,4,4,4,4,4,4,4,4,3,4,4,4,4,7
10,4,245,"Barcelona",4,4,4,5,5,4,4,4,5,5,4,5,5,4,5,4,3,3,5,5,4
10,4,245,"Budapest",3,4,3,3,3,4,4,3,4,4,4,3,4,3,4,4,3,3,4,4,3
10,4,245,"Dublin",4,3,3,4,4,4,4,4,4,4,4,4,5,4,4,4,3,4,4,5,4
10,4,245,"Istanbul",3,4,4,4,4,5,3,4,4,4,2,4,4,3,4,5,3,2,4,3,2
10,4,245,"StPetersburg",3,4,3,3,3,4,4,3,4,4,4,2,3,3,3,4,3,3,4,3,4
10,4,245,"Vienna",3,5,2,3,3,4,4,3,4,4,4,4,4,4,4,4,5,3,5,3,3
10,5,246,"Barcelona",4,4,2,4,4,4,2,2,2,2,2,2,5,4,4,5,2,1,4,4,6
10,5,246,"Budapest",4,4,4,2,2,2,2,2,2,4,2,4,2,4,4,2,2,2,4,2,4
10,5,246,"Dublin",2,4,2,4,1,4,2,1,5,5,5,5,2,4,4,1,5,4,4,4,7
10,5,246,"Istanbul",4,5,4,2,4,4,2,2,4,5,4,4,5,5,4,4,4,2,4,2,6
10,5,246,"StPetersburg",4,5,4,4,4,4,5,4,5,5,4,4,2,4,2,1,5,2,5,2,5
10,5,246,"Vienna",5,5,3,2,2,4,4,2,4,4,5,4,4,2,2,2,4,4,4,4,4
10,6,247,"Barcelona",5,4,4,5,4,4,4,4,4,4,3,4,4,3,4,2,4,4,4,4,6
10,6,247,"Budapest",4,4,3,2,3,4,4,2,3,4,4,4,4,2,3,3,4,4,4,3,3
10,6,247,"Dublin",4,4,3,3,4,4,4,3,4,4,4,4,4,4,4,2,4,4,4,5,7
10,6,247,"Istanbul",4,4,4,2,4,4,4,2,4,3,3,4,4,2,3,4,3,3,4,3,4
10,6,247,"StPetersburg",5,5,4,4,5,4,4,4,5,5,4,4,5,3,5,2,4,4,5,4,6
10,6,247,"Vienna",4,4,3,4,4,4,2,3,4,3,3,2,4,4,4,3,4,4,4,4,4
10,7,248,"Barcelona",2,4,4,2,2,4,3,4,4,4,2,4,2,4,4,2,5,4,5,2,2
10,7,248,"Budapest",2,4,5,2,4,4,4,4,4,4,2,4,1,2,4,4,4,4,5,2,2
10,7,248,"Dublin",4,2,1,2,5,1,4,4,2,1,4,2,5,4,5,2,2,5,4,5,6
10,7,248,"Istanbul",2,2,4,4,4,5,3,4,2,2,2,3,2,4,5,4,4,2,4,4,1
10,7,248,"StPetersburg",2,5,4,2,2,2,3,4,4,5,4,3,2,4,3,2,4,2,5,4,4
10,7,248,"Vienna",1,4,4,2,1,2,3,4,4,4,4,3,2,4,2,2,4,5,4,2,7
10,8,249,"Barcelona",4,4,4,4,4,5,5,4,4,4,2,3,4,2,4,4,2,2,4,4,7
10,8,249,"Budapest",NA,NA,NA,NA,NA,NA,NA,NA,NA,NA,NA,NA,NA,NA,NA,NA,NA,NA,NA,NA,4
10,8,249,"Dublin",NA,NA,NA,NA,NA,NA,NA,NA,NA,NA,NA,NA,NA,NA,NA,NA,NA,NA,NA,NA,7
10,8,249,"Istanbul",4,4,4,5,4,4,2,2,2,4,2,2,2,2,3,4,2,2,4,3,5
10,8,249,"StPetersburg",2,2,4,2,3,3,2,2,2,4,3,3,2,2,2,4,2,3,4,2,6
10,8,249,"Vienna",4,4,3,2,3,4,4,4,4,4,4,2,3,4,3,2,4,4,4,2,5
10,9,250,"Barcelona",4,4,3,4,3,4,4,2,3,5,4,4,4,5,5,3,2,2,5,4,5
10,9,250,"Budapest",4,4,3,2,3,2,4,2,3,3,4,4,3,4,3,2,5,4,4,5,1
10,9,250,"Dublin",2,4,2,1,3,2,3,2,4,3,3,3,4,2,2,2,2,4,4,5,7
10,9,250,"Istanbul",4,5,4,2,1,4,2,5,3,2,1,1,3,5,3,4,2,1,5,2,2
10,9,250,"StPetersburg",2,5,5,3,4,4,4,5,3,3,3,4,2,4,4,5,5,3,5,4,3
10,9,250,"Vienna",3,4,1,1,3,2,4,3,5,5,5,5,4,4,2,2,4,4,5,5,7
10,10,251,"Barcelona",2,5,4,5,5,5,4,3,3,5,4,5,5,5,5,3,4,2,5,1,7
10,10,251,"Budapest",3,5,3,3,3,3,3,3,3,3,3,3,3,3,3,3,3,2,4,3,4
10,10,251,"Dublin",4,4,2,3,4,2,4,4,3,2,4,2,4,2,4,2,4,5,3,5,6
10,10,251,"Istanbul",3,4,4,4,3,3,3,3,3,3,3,3,3,5,3,3,2,1,3,4,7
10,10,251,"StPetersburg",4,5,3,3,4,3,3,2,5,5,3,3,3,4,5,4,5,2,5,2,1
10,10,251,"Vienna",4,4,3,3,3,4,3,3,4,4,3,3,3,3,5,3,5,3,5,3,2
10,11,252,"Barcelona",4,3,3,5,3,5,4,3,4,4,4,3,5,5,4,2,4,4,4,2,4
10,11,252,"Budapest",4,3,5,4,3,3,3,2,2,2,3,4,2,2,3,4,2,3,3,4,3
10,11,252,"Dublin",4,2,3,4,4,2,4,3,2,2,4,4,3,3,4,3,2,4,2,5,5
10,11,252,"Istanbul",3,4,4,5,4,4,3,3,3,4,3,3,5,3,4,4,2,2,3,4,3
10,11,252,"StPetersburg",2,4,3,2,2,3,3,5,2,2,2,2,3,1,3,4,2,3,2,3,4
10,11,252,"Vienna",3,5,3,4,3,4,3,4,5,3,4,4,2,3,4,2,4,4,4,3,5
10,12,253,"Barcelona",4,4,5,3,4,2,3,4,4,2,3,2,4,5,4,4,4,3,4,3,3
10,12,253,"Budapest",4,4,4,4,5,3,3,2,3,4,3,4,4,2,4,3,4,4,4,3,2
10,12,253,"Dublin",5,4,4,3,4,3,3,2,3,2,3,3,4,2,4,2,3,4,3,5,4
10,12,253,"Istanbul",4,4,4,4,5,5,5,3,3,4,3,3,4,4,5,4,4,2,4,2,5
10,12,253,"StPetersburg",3,4,4,2,4,3,3,3,4,3,4,3,3,2,3,4,3,3,3,2,5
10,12,253,"Vienna",4,4,3,2,2,3,4,3,4,5,4,4,3,3,3,3,4,4,4,3,6
10,13,254,"Barcelona",5,3,4,5,5,5,3,4,4,3,3,4,5,4,4,3,4,4,5,3,5
10,13,254,"Budapest",3,5,5,3,2,2,4,3,5,5,2,2,2,3,3,2,4,4,3,3,1
10,13,254,"Dublin",5,5,3,3,1,2,4,3,5,5,5,5,5,2,4,2,4,5,4,5,6
10,13,254,"Istanbul",5,5,5,5,5,4,3,2,3,5,2,3,5,4,4,4,5,3,5,3,2
10,13,254,"StPetersburg",3,4,2,2,2,2,2,4,3,4,2,2,2,2,2,3,2,4,3,2,7
10,13,254,"Vienna",4,4,3,2,2,3,3,2,4,4,3,2,2,2,3,2,3,5,4,4,6
10,14,255,"Barcelona",5,5,5,5,5,5,5,4,4,2,2,4,5,4,5,5,3,2,5,5,7
10,14,255,"Budapest",5,5,5,5,3,5,5,5,5,3,2,5,5,2,5,2,3,5,5,5,6
10,14,255,"Dublin",NA,NA,NA,NA,NA,NA,NA,NA,NA,NA,NA,NA,NA,NA,NA,NA,NA,NA,NA,NA,6
10,14,255,"Istanbul",NA,NA,NA,NA,NA,NA,NA,NA,NA,NA,NA,NA,NA,NA,NA,NA,NA,NA,NA,NA,6
10,14,255,"StPetersburg",NA,NA,NA,NA,NA,NA,NA,NA,NA,NA,NA,NA,NA,NA,NA,NA,NA,NA,NA,NA,7
10,14,255,"Vienna",4,5,2,3,3,3,5,2,5,3,2,2,4,4,4,4,3,4,5,5,5
10,15,256,"Barcelona",4,4,4,4,5,3,4,4,4,4,3,4,4,4,5,2,4,4,4,4,3
10,15,256,"Budapest",3,4,4,2,2,3,3,2,4,4,4,4,2,1,2,2,3,4,3,2,4
10,15,256,"Dublin",4,4,2,3,4,2,3,3,2,3,3,4,2,1,2,2,2,4,3,4,7
10,15,256,"Istanbul",2,4,4,2,4,4,4,5,4,2,2,2,4,5,4,4,2,2,4,5,5
10,15,256,"StPetersburg",4,5,4,3,4,3,4,4,5,5,4,4,4,2,4,2,4,4,4,5,4
10,15,256,"Vienna",3,4,1,2,2,4,4,2,5,4,4,4,3,2,3,2,4,4,4,4,6
10,16,257,"Barcelona",4,4,4,5,5,5,5,4,5,5,4,4,5,4,5,5,4,2,4,2,5
10,16,257,"Budapest",4,4,5,2,4,2,2,4,4,4,2,2,2,2,4,4,4,2,4,2,2
10,16,257,"Dublin",4,4,1,2,2,1,4,2,4,4,4,4,4,2,4,2,2,4,4,5,5
10,16,257,"Istanbul",4,5,4,4,4,5,2,2,4,4,2,4,4,2,5,5,2,2,4,2,5
10,16,257,"StPetersburg",2,5,2,2,2,1,4,2,4,4,4,4,2,2,4,4,4,2,4,2,1
10,16,257,"Vienna",2,4,2,4,2,2,4,4,4,5,4,4,2,2,4,2,4,5,4,2,7
10,17,258,"Barcelona",4,5,3,4,5,4,4,4,5,5,3,5,4,4,5,4,4,4,4,4,6
10,17,258,"Budapest",4,5,4,5,5,4,3,3,5,5,4,4,4,2,4,2,4,4,4,4,3
10,17,258,"Dublin",4,4,2,3,4,2,4,3,4,4,4,4,4,2,4,2,3,4,4,5,6
10,17,258,"Istanbul",4,5,5,5,5,5,5,2,4,4,3,3,5,2,5,4,3,4,5,3,4
10,17,258,"StPetersburg",3,4,4,4,2,4,2,3,5,4,4,4,2,2,5,3,4,3,4,2,4
10,17,258,"Vienna",3,5,2,3,2,4,4,2,5,5,4,4,3,2,4,2,4,4,4,3,7
10,18,259,"Barcelona",3,3,3,4,4,4,4,4,4,4,4,4,4,4,4,4,3,4,4,4,NA
10,18,259,"Budapest",3,3,4,4,4,5,3,3,4,3,3,3,4,3,4,4,3,4,4,3,NA
10,18,259,"Dublin",3,3,2,4,3,3,3,4,3,3,3,3,3,3,3,4,3,4,3,5,5
10,18,259,"Istanbul",3,5,4,4,5,5,3,4,4,3,2,3,4,4,4,5,4,2,4,4,NA
10,18,259,"StPetersburg",2,5,4,4,4,4,3,3,4,3,2,3,2,2,3,4,4,2,3,3,5
10,18,259,"Vienna",4,5,2,1,2,4,3,3,4,4,4,4,4,3,3,2,4,5,4,3,NA
10,19,260,"Barcelona",4,4,4,4,5,4,5,5,5,4,4,4,5,5,5,4,4,3,5,4,5
10,19,260,"Budapest",4,5,4,4,4,3,4,4,5,5,4,3,4,3,4,3,4,4,4,3,4
10,19,260,"Dublin",4,4,3,3,4,3,4,4,4,4,5,4,4,3,4,3,3,5,4,5,7
10,19,260,"Istanbul",4,4,4,3,5,5,2,4,4,4,2,3,2,4,4,5,4,2,5,1,5
10,19,260,"StPetersburg",4,5,4,3,5,4,4,3,5,5,4,4,2,3,4,3,5,2,5,2,7
10,19,260,"Vienna",4,5,4,3,3,4,5,3,5,5,5,5,3,2,4,1,3,4,5,4,6
10,20,261,"Barcelona",4,5,5,5,5,5,3,5,5,5,5,5,2,5,5,5,5,1,5,2,NA
10,20,261,"Budapest",5,5,5,5,5,5,5,2,5,5,4,5,2,2,5,2,3,4,5,4,NA
10,20,261,"Dublin",2,4,2,3,3,3,3,3,5,5,3,3,2,2,4,2,3,NA,4,5,NA
10,20,261,"Istanbul",3,5,4,4,2,4,3,2,3,4,4,3,1,4,3,4,2,2,5,2,NA
10,20,261,"StPetersburg",5,5,3,5,5,5,3,2,4,4,4,5,2,2,5,2,5,2,5,2,NA
10,20,261,"Vienna",4,5,3,5,2,4,5,2,5,5,5,4,2,3,3,1,3,4,5,4,7
10,21,262,"Barcelona",4,4,3,3,2,4,4,4,5,2,4,4,4,4,NA,4,5,4,5,2,4
10,21,262,"Budapest",2,3,5,2,4,2,4,4,4,2,2,4,2,2,4,4,4,4,4,3,3
10,21,262,"Dublin",2,1,2,2,4,2,3,2,2,1,5,4,4,4,5,2,4,5,4,5,5
10,21,262,"Istanbul",4,4,5,2,4,5,2,4,2,2,2,4,4,4,5,5,4,2,4,4,1
10,21,262,"StPetersburg",4,4,2,2,2,2,2,4,3,5,4,3,2,3,3,2,4,4,4,4,5
10,21,262,"Vienna",2,4,4,2,2,2,4,4,4,4,4,4,2,3,2,2,4,5,4,2,6
10,22,263,"Barcelona",5,5,1,5,4,5,2,5,5,5,2,4,5,5,4,4,5,3,5,3,6
10,22,263,"Budapest",1,5,5,1,1,1,1,3,4,4,1,1,1,2,1,5,4,1,1,1,1
10,22,263,"Dublin",4,4,4,5,5,2,5,4,5,4,2,4,4,1,5,2,2,2,2,5,6
10,22,263,"Istanbul",4,5,4,4,5,4,1,2,5,4,2,3,4,2,5,4,2,2,4,2,2
10,22,263,"StPetersburg",5,5,5,5,5,4,4,2,5,5,4,4,1,2,5,2,5,3,5,5,4
10,22,263,"Vienna",2,4,2,3,2,4,4,4,5,3,4,4,5,4,3,2,4,5,4,3,6
10,23,264,"Barcelona",4,5,5,5,5,5,5,3,5,5,3,5,4,3,5,4,5,4,5,4,4
10,23,264,"Budapest",3,5,4,3,4,4,5,4,5,3,3,4,NA,5,3,3,4,5,4,3,5
10,23,264,"Dublin",3,4,5,4,3,3,4,5,4,3,NA,NA,NA,NA,NA,3,4,5,4,NA,6
10,23,264,"Istanbul",4,5,4,4,5,5,3,4,4,5,3,3,3,2,5,5,5,2,5,4,7
10,23,264,"StPetersburg",4,5,5,5,5,5,3,3,5,5,3,4,3,3,5,5,5,1,5,4,3
10,23,264,"Vienna",3,5,3,4,2,2,5,3,5,5,4,4,3,3,4,3,5,4,5,4,7
10,24,265,"Barcelona",3,4,3,5,3,3,3,3,3,4,2,2,3,4,4,3,3,3,4,3,4
10,24,265,"Budapest",5,5,5,4,5,5,5,3,3,4,NA,NA,NA,NA,NA,3,5,4,5,5,4
10,24,265,"Dublin",3,3,3,3,3,3,3,3,3,3,3,4,3,2,4,3,3,NA,4,5,7
10,24,265,"Istanbul",3,4,4,2,3,3,3,3,3,3,2,2,3,4,4,3,3,2,4,3,2
10,24,265,"StPetersburg",2,5,3,3,4,5,4,4,3,4,2,3,2,5,4,5,4,3,4,2,4
10,24,265,"Vienna",4,4,2,3,3,5,4,4,3,3,4,4,4,3,5,3,4,4,5,4,6
10,25,266,"Barcelona",5,5,4,4,2,4,4,5,5,5,4,4,5,4,4,4,5,4,5,4,1
10,25,266,"Budapest",2,4,2,2,2,4,4,2,3,3,4,2,3,3,2,2,4,4,4,3,1
10,25,266,"Dublin",4,4,4,5,5,5,4,2,4,1,2,4,4,1,5,4,4,2,4,5,6
10,25,266,"Istanbul",1,4,4,2,2,1,4,4,2,4,1,4,5,5,4,5,3,1,3,4,1
10,25,266,"StPetersburg",5,5,5,5,5,5,2,4,5,5,4,2,4,4,4,5,5,4,5,4,3
10,25,266,"Vienna",4,5,4,3,2,4,4,4,4,4,4,4,4,4,4,2,5,4,4,4,6
